MAPD_PK_BenefitID,Contract_Year,Contract_Number,PBP,Category,CategoryData,Insert_DTS,Update_DTS,Insert_User_ID,UPDATE_User_ID,IsDeleted,CategoryGrp,CategoryOrder,FK_PlanID
BDBA1887-7763-4189-B091-00007FF34BDB,2026,H2663,25,Imaging,In-Network  Xray: $0  CT Scans: $170  Diagnostic Radiology other than CT Scans: $170  Diagnostic Radiology Mammogram: $0,54:21.5,54:21.5,AETH\A846534,AETH\A846534,0,Diagnostic/Lab,5,DE9916B0-235A-445D-8C77-6C7063EE8D10
27E60709-9394-4A42-95D1-00095B9C89E9,2026,H4523,27,OTC,"CVS Over-the-Counter (OTC) Wallet with a $30 quarterly benefit amount (allowance) on the Extra Benefits Card to help pay for approved OTC health and wellness products like first aid supplies, cold and allergy medicine, pain relievers, and more. Approved products can be purchased in-store at participating CVS retail locations (excluding locations inside other stores), and online or by phone through CVS OTC Health Solutions.",54:21.5,54:21.5,AETH\A846534,AETH\A846534,0,Extra Benefits,17,519BD3F2-EA6C-4496-84A7-654653CD7AA7
81E73184-1AF2-4201-B737-000E90D06D7C,2026,H3152,82,Chiropractic Routine Services,,54:21.5,54:21.5,AETH\A846534,AETH\A846534,0,Extra Benefits,17,A7E2B6E1-9061-461B-B085-ACAEC607CC5B
1E13EADC-25B7-4AF7-A5B4-000F98E12E50,2026,H4523,34,Annual Prescription Deductible,$615 ,54:21.5,54:21.5,AETH\A846534,AETH\A846534,0,Prescription Drug Coverage,25,E774A538-3989-48A4-93F2-FE8BC43BFBE1
8BE22826-A676-4007-9CD6-0010F6155480,2026,H7149,1,Chiropractic Routine Services,,54:21.5,54:21.5,AETH\A846534,AETH\A846534,0,Extra Benefits,17,311F2CA8-313A-4BF5-A6A2-53D942843E87
4CCFBC93-D610-4EC2-ABBC-001263BA3EA4,2026,H3931,100,Dental Coverage,"In-Network  Preventive dental services: $0 for oral exams $0 for cleanings $0 for x-rays  Comprehensive dental services: 20%-50% for restorative services 20% for endodontic services 20%-50% for periodontic services 50% for removeable prosthodontics 50% for fixed prosthodontics 20% - 50% for oral and maxillofacial surgery 20% - 50% for adjunctive services  Out-of-Network  Preventive dental services: 50% for oral exams 50% for cleanings 50% for x-rays  Comprehensive dental services: 50% - 70% for restorative services 50% for endodontic services 50% - 70% for periodontic services 70% for removeable prosthodontics 70% for fixed prosthodontics 50% - 70% for oral and maxillofacial surgery 50% - 70% for adjunctive services  $1,000 benefit amount (allowance) every year in and out-of-network for covered comprehensive dental services. Frequencies and medical necessity requirements vary by covered dental service. Covered preventive dental services do not count towards your annual benefit amount. See EOC for additional details on exclusions and limitations.",54:21.5,54:21.5,AETH\A846534,AETH\A846534,0,Dental,9,2F763307-93CB-4163-84D1-39DCCE52F2E0
8D47FC1E-A3C5-43B5-9325-0013FAE26023,2026,S5601,48,Limited Network,,54:21.5,54:21.5,AETH\A846534,AETH\A846534,0,Plan Information,1,8F91B935-6244-4AB9-B7AF-29F4D88D8EF5
9FDE2374-42C8-4F6E-98AE-0015CCB3565E,2026,H9431,14,Home Health Care,In-Network $0  Out-of-Network 40%,54:21.5,54:21.5,AETH\A846534,AETH\A846534,0,Home Health Care,14,CB97E51A-228E-46F9-BD28-10DCFAB2A09F
17395A11-CCAC-4655-A931-001A97D91771,2026,H1609,88,Eyewear Coverage,In-Network  Eye Exams: 0% for Medicare-covered eye exams $0 for non-Medicare covered eye exams Maximum one non-Medicare covered routine eye exam every calendar year with an iCare provider  Eyewear: $0 for Medicare-covered prescription eyewear $0 for Contacts $0 for Upgrades $0 for Eyeglasses  Up to two pairs every year from a select eyewear collection or $300 annual benefit amount (allowance) for non-Medicare covered prescription eyewear.,54:21.5,54:21.5,AETH\A846534,AETH\A846534,0,Vision,11,741215AC-A864-43E0-ADED-042B4BCB7223
4EADC354-BBAC-4B06-A70A-001B6B8C4B38,2026,H5521,15,Eyewear Coverage,In-Network  Eye Exams: $0 for Diabetic eye exams $50 for all other Medicare-covered eye exams $0 for non-Medicare covered eye exams Maximum one non-Medicare covered routine eye exam every calendar year in or out-of-network with an EyeMed provider  Eyewear: $0 for Medicare-covered prescription eyewear $0 for Contacts $0 for Eyeglasses $0 for Eyeglass Frames $0 for Eyeglass Lenses $0 for Upgrades  Out-of-Network  Eye Exams: $60 for Medicare-covered eye exams $0 for non-Medicare covered eye exams Maximum one non-Medicare covered routine eye exam every calendar year in or out-of-network (out of network covered up to $50)  Eyewear: 50% for Medicare-covered prescription eyewear $0 for Contacts $0 for Eyeglass Frames $0 for Eyeglass Lenses $0 for Eyeglass Lenses and Frames $0 for Upgrades  $200 annual benefit amount (allowance) for non-Medicare covered prescription eyewear.,54:21.5,54:21.5,AETH\A846534,AETH\A846534,0,Vision,11,C71D3F30-2FEB-42D9-9E34-2C921670660B
5DDAA16C-C3D6-40AF-9123-00232D505AED,2026,H5521,219,Ambulatory surgical center,In-Network $0 for preventive and diagnostic colonoscopy $250 all other ambulatory surgical center services  Out-of-Network 50%,54:21.5,54:21.5,AETH\A846534,AETH\A846534,0,Ambulatory surgical center,6,D60AB953-8E4E-4A7B-8A76-C3EA917A2862
7A154CF6-3AA4-4241-B8DA-00237370C965,2026,H5521,303,Fitness,"Fitness benefit that includes a basic membership to any SilverSneakers participating fitness facility. If you do not reside near a participating facility, or prefer to exercise at home, online classes and one at-home fitness kit per year are available through SilverSneakers at no additional cost to you.",54:21.5,54:21.5,AETH\A846534,AETH\A846534,0,Wellness,13,B66C08EC-6A32-4D06-80F7-DC183A45E3BE
613EA7ED-C887-4CD9-86EA-002485F7E7BF,2026,H5521,249,Chiropractic Routine Services,,54:21.5,54:21.5,AETH\A846534,AETH\A846534,0,Extra Benefits,17,8154B321-3F55-4239-AF79-C3FD60A53B88
B03B25FB-0644-425B-9FDC-0025FCE54E49,2026,H0628,12,Fitness,"Fitness benefit that includes a basic membership to any SilverSneakers participating fitness facility. If you do not reside near a participating facility, or prefer to exercise at home, online classes and one at-home fitness kit per year are available through SilverSneakers at no additional cost to you.",54:21.5,54:21.5,AETH\A846534,AETH\A846534,0,Wellness,13,C9E5800A-BF92-47BE-8302-26501A82334E
6A38E865-8D69-4570-948F-002B43970212,2026,H1609,85,Visitor/Traveler Program,No,54:21.5,54:21.5,AETH\A846534,AETH\A846534,0,Extra Benefits,17,C76B0B84-2AB6-4D8C-99AC-02ADB577773C
121DF4FE-4CFD-46F4-8E12-002EC3EE76AF,2026,H5521,235,Lab Services,In-Network $0   Out-of-Network 50%,54:21.5,54:21.5,AETH\A846534,AETH\A846534,0,Diagnostic/Lab,5,7FA18957-3740-499F-A965-88D2A498C062
14B853DF-A133-4FC8-871F-002EFD5FC85E,2026,H5521,654,Meals,Not Covered,54:21.5,54:21.5,AETH\A846534,AETH\A846534,0,Extra Benefits,17,489E0E8C-0921-465F-B404-FF277C35757D
7E40CD36-DF6A-4E11-BB43-0033D20FCFC2,2026,H5521,578,Ambulance,In-Network $265  Out-of-Network $265,54:21.5,54:21.5,AETH\A846534,AETH\A846534,0,Emergency/Urgent Care,4,15EF03BB-F604-452B-BE08-E2315CDB6DF9
A2E583D7-5AAA-472E-844C-00364407C2F3,2026,H3959,84,Diabetic Monitoring Supplies,In-Network $0,54:21.5,54:21.5,AETH\A846534,AETH\A846534,0,Diabetic Monitoring Supplies,7,74092B0D-C207-4EDE-B3C6-89D471D8A0CF
4D0442B4-93A3-457E-BCF6-00395F8C253A,2026,H5521,224,Transportation,Not Covered,54:21.5,54:21.5,AETH\A846534,AETH\A846534,0,Extra Benefits,17,C24E20DD-1102-4E5D-8DAA-8502B20734EF
2041EBFC-4E5C-440A-A5BA-003B981D5B35,2026,H2293,10,Part B Premium Reduction,$35 per month,54:21.5,54:21.5,AETH\A846534,AETH\A846534,0,Plan Information,1,779C2074-A822-42E2-B7D1-73833EB5A250
BE016B11-FE11-49B1-BC37-003F06C44975,2026,H3146,39,Fitness,"Fitness benefit that includes a basic membership to any SilverSneakers participating fitness facility. If you do not reside near a participating facility, or prefer to exercise at home, online classes and one at-home fitness kit per year are available through SilverSneakers at no additional cost to you.",54:21.5,54:21.5,AETH\A846534,AETH\A846534,0,Wellness,13,4BD43E90-AE33-4E0F-A249-F0B08F8A70AB
BD98E72C-719F-448B-9B17-003F49C2E0D9,2026,H5521,664,Troop,"$2,100 ",54:21.5,54:21.5,AETH\A846534,AETH\A846534,0,Prescription Drug Coverage,25,0B8F6622-9697-4956-A02B-51F83BD1C914
6B3DDC9E-1503-4B3D-A963-003F65E83CB4,2026,H5521,480,Ambulance,In-Network $275  Out-of-Network $275,54:21.5,54:21.5,AETH\A846534,AETH\A846534,0,Emergency/Urgent Care,4,677F357E-3183-429D-B3FF-50B54E772D9F
9B9A45E7-4136-4EBD-A7BE-004054399CD5,2026,H5521,395,Therapeutic Massage,,54:21.5,54:21.5,AETH\A846534,AETH\A846534,0,Extra Benefits,17,2DE64A64-8C33-4D62-BFD7-74131DAF4F18
AE605450-B3AC-4D31-9DE9-0043F8F73206,2026,H5521,399,Part B Premium Reduction,,54:21.5,54:21.5,AETH\A846534,AETH\A846534,0,Plan Information,1,1E0217D1-4438-4FED-A5E6-61ED46BB83FC
CCF2A2AB-5A0B-4346-B6CE-004BE3EAD6D3,2026,H5522,2,Diagnostic Procedures,In-Network $0  Out-of-Network 20%,54:21.5,54:21.5,AETH\A846534,AETH\A846534,0,Diagnostic/Lab,5,7BD599AB-6B1B-4278-97BF-1494EAEC22DA
C4599BBD-E1D6-405D-ABA8-004C27AFB8AE,2026,H5521,699,Premium,$44.00 ,54:21.5,54:21.5,AETH\A846534,AETH\A846534,0,Plan Information,1,08BDAA49-9AFE-478D-B81B-D7DFD989FEDF
94494729-357B-4D8D-8724-004D27BB272E,2026,H3288,4,CombinedMOOP,"$9,550 ",54:21.5,54:21.5,AETH\A846534,AETH\A846534,0,Plan Information,1,913BF8C0-E3E5-43A1-B68E-F33B73DC90EF
F396C26A-9E73-4541-A5CE-004DB158B32F,2026,S5601,56,Acupuncture Routine Services,,54:21.5,54:21.5,AETH\A846534,AETH\A846534,0,Extra Benefits,17,4E8C317C-8CA2-4452-8AB4-5BEB6E2D1212
C6729A2D-36DC-480A-AE1C-004F9AABF722,2026,H1608,12,ER,$130 If you are admitted to the hospital within 24 hours your cost share may be waived,54:21.5,54:21.5,AETH\A846534,AETH\A846534,0,Emergency/Urgent Care,4,512C4386-014D-48C8-8B83-992B696C1BF2
6E3D89CA-D511-490D-B855-00522F7B8E3B,2026,H2663,17,Transportation,Not Covered,54:21.5,54:21.5,AETH\A846534,AETH\A846534,0,Extra Benefits,17,A5429C44-5361-4832-BDDC-54AE4A756FDA
4FFDBAB9-59EB-4EE3-AAF4-00570D292096,2026,H7301,9,Fitness,"Fitness benefit that includes a basic membership to any SilverSneakers participating fitness facility. If you do not reside near a participating facility, or prefer to exercise at home, online classes and one at-home fitness kit per year are available through SilverSneakers at no additional cost to you.",54:21.5,54:21.5,AETH\A846534,AETH\A846534,0,Wellness,13,89DC6139-7F84-4B57-B9F6-21CCF5A0E3D9
9A5DB687-43F7-4F7A-AE6D-005F3092E750,2026,H3959,72,Limited Network,,54:21.5,54:21.5,AETH\A846534,AETH\A846534,0,Plan Information,1,ED50906E-BA45-4664-A32D-CEE0794D0C57
F449864F-AE01-4A96-9CC7-005FD3B81D08,2026,H3146,21,Alternative Therapies,,54:21.5,54:21.5,AETH\A846534,AETH\A846534,0,Extra Benefits,17,745FCAC1-E09E-46F2-8A64-74E5E98C766D
7930C06E-AD3E-4989-A992-00632D6CEBE0,2026,H3146,14,Specialist,In-Network $0 for services provided in a nursing home $40 for services provided outside a nursing home,54:21.5,54:21.5,AETH\A846534,AETH\A846534,0,DOCTOR SERVICES,2,CBE8A587-AFE7-42E6-9DDD-46BD3CDFF1DF
605CBE59-E459-428F-9BAE-0063DCA65A18,2026,H5521,419,Premium,$0.00 ,54:21.5,54:21.5,AETH\A846534,AETH\A846534,0,Plan Information,1,195FB04B-2712-49CB-91B7-26E6569B2EA2
C0794B82-69D1-4D94-8032-00655339893D,2026,H1206,4,Premium,$0.00 ,54:21.5,54:21.5,AETH\A846534,AETH\A846534,0,Plan Information,1,E877A8CC-BCB1-4530-B921-FD1AB41CE9DD
7C6F9814-99A6-4DF2-AE80-0065C4092DFE,2026,H2663,42,Hearing Aid Coverage,"In-Network  Hearing Exams: $65 for Medicare-covered hearing exams $0 for non-Medicare covered hearing exams (Maximum one non-Medicare covered hearing exam every year) $0 for fitting/evaluation for hearing aids (Maximum one hearing aid fitting/evaluation every year)  Hearing Aids: $0 for hearing aids $500 benefit amount (allowance) per ear, every year for hearing aids (Maximum two hearing aids every year)",54:21.5,54:21.5,AETH\A846534,AETH\A846534,0,Hearing,10,0E0AA350-1191-42DB-9A24-EA32B71E58B6
2D85F1BC-CCBE-4BA0-8B6E-0067B4D33FED,2026,S5601,54,Dental Coverage,,54:21.5,54:21.5,AETH\A846534,AETH\A846534,0,Dental,9,0ECB08BE-2D13-4D77-AF23-A7D1675DF3DD
5449FDB9-9B98-4CB1-B3FC-00756029178D,2026,H3192,21,UrgentlyNeededCare,$50 ,54:21.5,54:21.5,AETH\A846534,AETH\A846534,0,Emergency/Urgent Care,4,47522937-E4BE-4A95-91A5-485BFDEB90DD
9C824C01-9A14-4DF4-9F6F-0076EEFC54F0,2026,H3931,190,Alternative Therapies,,54:21.5,54:21.5,AETH\A846534,AETH\A846534,0,Extra Benefits,17,D0A4ADD6-0D54-4620-B4FB-AAA5CFA024B3
7B897AF0-6004-422A-BE3A-00788827F8BF,2026,H1609,27,Home Health Care,In-Network $0,54:21.5,54:21.5,AETH\A846534,AETH\A846534,0,Home Health Care,14,903FFBF5-EAC1-4C2B-A661-7ECB4C04F706
6BCAFB0F-D5B9-49D7-BA89-007ABEB69756,2026,H5325,4,Part B Premium Reduction,,54:21.5,54:21.5,AETH\A846534,AETH\A846534,0,Plan Information,1,08AFB8CB-32AB-41E8-9DA6-D01733C6CCE0
5F196D4F-53B4-4127-9171-007DB619F0B7,2026,H5521,150,Transportation,Not Covered,54:21.5,54:21.5,AETH\A846534,AETH\A846534,0,Extra Benefits,17,48DF55A4-690B-4852-8749-041D81793838
3DF71302-5AF1-4E22-8FBF-007E436F2D98,2026,H3312,81,Hearing Aid Coverage,"In-Network  Hearing Exams: $45 for Medicare-covered hearing exams $0 for non-Medicare covered hearing exams (Maximum one non-Medicare covered hearing exam every year) $0 for fitting/evaluation for hearing aids (Maximum one hearing aid fitting/evaluation every year)  Hearing Aids: $0-$1,700 for hearing aids (Maximum two hearing aids every year)",54:21.5,54:21.5,AETH\A846534,AETH\A846534,0,Hearing,10,99E9BF52-2B8B-49D5-97C6-C648EEDBEF93
21A3EE4A-3B6D-4437-AB4C-00815ACEF297,2026,H4835,1,Alternative Therapies,,54:21.5,54:21.5,AETH\A846534,AETH\A846534,0,Extra Benefits,17,E6A8FF93-2B08-44D9-A36F-768E0FFD75B8
D58EDE5A-BD37-4DF2-A429-008380A3D455,2026,H3931,109,Maximum Out-of-Pocket (MOOP)- In Network,"$7,500 ",54:21.5,54:21.5,AETH\A846534,AETH\A846534,0,Plan Information,1,E06F487B-574D-490C-A2DA-E1B3BF3D1741
21C7BAC9-F492-4FE6-A986-0084CF930880,2026,H7301,32,Additional Telehealth Services,In-Network  $0 for PCP  $40 for Specialist  $45 for Urgently Needed Services  $40 for Mental Health - Group Sessions  $40 for Mental Health - Individual Sessions  $40 for Psychiatric Services - Group Sessions  $40 for Psychiatric Services - Individual Sessions,54:21.5,54:21.5,AETH\A846534,AETH\A846534,0,Additional Telehealth Services,15,C0203E5B-29F1-489A-A7AE-675376F54B5A
11FE377D-8AD5-4E0D-B811-0086F7012F1C,2026,H5521,669,ER,$115 If you are admitted to the hospital within 24 hours your cost share may be waived,54:21.5,54:21.5,AETH\A846534,AETH\A846534,0,Emergency/Urgent Care,4,BB6D1506-2056-4FD5-BEBE-F4BA6813D671
1BA72203-673A-4DC6-B856-00871E434BFE,2026,H1692,2,Fitness,"Fitness benefit that includes a basic membership to any SilverSneakers participating fitness facility. If you do not reside near a participating facility, or prefer to exercise at home, online classes and one at-home fitness kit per year are available through SilverSneakers at no additional cost to you.",54:21.5,54:21.5,AETH\A846534,AETH\A846534,0,Wellness,13,948642FA-FC31-4736-8285-A2FE6B053C3D
5F02C74B-A2F8-4106-BEA8-008B3EA5ECA6,2026,H5521,263,Dental Coverage,In-Network  Preventive dental services: $0 for oral exams $0 for cleanings $0 for x-rays  Comprehensive dental services: 20%-50% for restorative services 20% for endodontic services 20%-50% for periodontic services 50% for removeable prosthodontics 50% for fixed prosthodontics 20% - 50% for oral and maxillofacial surgery 20% - 50% for adjunctive services  Out-of-Network  Preventive dental services: 50% for oral exams 50% for cleanings 50% for x-rays  Comprehensive dental services: 50% - 70% for restorative services 50% for endodontic services 50% - 70% for periodontic services 70% for removeable prosthodontics 70% for fixed prosthodontics 50% - 70% for oral and maxillofacial surgery 50% - 70% for adjunctive services  $500 benefit amount (allowance) every year in and out-of-network for covered comprehensive dental services. Frequencies and medical necessity requirements vary by covered dental service. Covered preventive dental services do not count towards your annual benefit amount. See EOC for additional details on exclusions and limitations.,54:21.5,54:21.5,AETH\A846534,AETH\A846534,0,Dental,9,7367914F-4006-4548-9124-FF90DC72F13D
AFDDBECE-A248-4FD5-9EDF-008B716CBE3B,2026,H1608,67,Preventive Benefits,"In-Network $0 for all preventive services covered under Original Medicare  Out-of-Network 0% for the pneumonia, influenza, Hepatitis B, and Covid-19 vaccines 45% for all other preventive services covered under Original Medicare",54:21.5,54:21.5,AETH\A846534,AETH\A846534,0,Preventive Benefits,12,600E3C44-C79D-4730-8F3C-EE2BE52F0D85
CE1DD4E8-5D66-4B6E-A875-008C6477882F,2026,H1609,87,Ambulatory surgical center,In-Network $0 for preventive and diagnostic colonoscopy $225 all other ambulatory surgical center services,54:21.5,54:21.5,AETH\A846534,AETH\A846534,0,Ambulatory surgical center,6,F751BAC2-5B18-4FC2-9CB9-DAB2E26F1431
E989BB52-3546-41E8-99C6-008C7523B522,2026,S5601,8,Annual Physical,,54:21.5,54:21.5,AETH\A846534,AETH\A846534,0,Wellness,13,407D10EB-477D-43F1-A80F-CFCAD3AB9D52
F412F5B8-3947-43AF-A1EA-00915CF2EAD0,2026,H5521,351,Lab Services,In-Network $0   Out-of-Network 50%,54:21.5,54:21.5,AETH\A846534,AETH\A846534,0,Diagnostic/Lab,5,23E1DC98-0A18-41B5-963C-946AD301CB3F
1826310F-DA53-40BD-8074-0093E0560012,2026,H1608,13,Ambulance,In-Network $300  Out-of-Network $300,54:21.5,54:21.5,AETH\A846534,AETH\A846534,0,Emergency/Urgent Care,4,71427549-9E11-4FB9-AB0B-23325AB7F19D
3D94984D-5406-4F34-BD77-0096F776B4AA,2026,H5325,4,Limited Network,,54:21.5,54:21.5,AETH\A846534,AETH\A846534,0,Plan Information,1,08AFB8CB-32AB-41E8-9DA6-D01733C6CCE0
255CE35B-A5DA-4E13-990C-009D6BB4903A,2026,H2663,23,Home Health Care,In-Network $0  Out-of-Network 50%,54:21.5,54:21.5,AETH\A846534,AETH\A846534,0,Home Health Care,14,C368EE99-2514-4630-AD65-2F8758FE353F
F5FDE372-D2EC-4E07-993A-009EDBA1AB69,2026,H5521,231,Transportation,Not Covered,54:21.5,54:21.5,AETH\A846534,AETH\A846534,0,Extra Benefits,17,4E69E182-2CBF-4A92-B8C6-904EF82D757D
3A6FB77E-CC22-46DC-8D75-00A2187FE7FC,2026,H5521,365,Limited Network,,54:21.5,54:21.5,AETH\A846534,AETH\A846534,0,Plan Information,1,11003F5E-CE12-4726-9F3F-B43F68FB0C93
C0100F04-9753-453E-9F6F-00A2CBEB65AD,2026,H5521,121,UrgentlyNeededCare,$40 ,54:21.5,54:21.5,AETH\A846534,AETH\A846534,0,Emergency/Urgent Care,4,CAAE77AA-B436-45B5-B3A2-44CB62857602
1C2FFEC5-00A2-4020-A01A-00A490B0DFE6,2026,H7301,21,Imaging,In-Network  Xray: $0  CT Scans: $300  Diagnostic Radiology other than CT Scans: $300  Diagnostic Radiology Mammogram: $0    Out-of-Network  50%,54:21.5,54:21.5,AETH\A846534,AETH\A846534,0,Diagnostic/Lab,5,AFC5373D-CE50-47BB-A241-727AA9DEFA94
BBC1D107-CDF8-40CA-86EC-00A8F965F29E,2026,H3288,9,CombinedMOOP,"$10,100 ",54:21.5,54:21.5,AETH\A846534,AETH\A846534,0,Plan Information,1,DF71E857-D789-4296-A18A-D350BBD8C752
EA5B29C3-34E5-49BF-9485-00A96E5A9573,2026,H5521,329,Alternative Therapies,,54:21.5,54:21.5,AETH\A846534,AETH\A846534,0,Extra Benefits,17,2E601919-993D-4EFA-A443-3386EA2A7ACC
D6C39041-0ABC-481D-B48B-00AA76D9F65D,2026,H1609,78,Lab Services,In-Network $0,54:21.5,54:21.5,AETH\A846534,AETH\A846534,0,Diagnostic/Lab,5,D8AC6A7B-B31C-4347-95F8-7CC339820DD1
985521CE-90B6-48DE-B511-00AB805AA46E,2026,S5601,20,Plan Name,SilverScript Choice (PDP),54:21.5,54:21.5,AETH\A846534,AETH\A846534,0,Plan Information,1,B21C7B1A-65EA-4792-83FF-B0264BB303A0
4A26B156-2818-4B74-B907-00AD21DAE3F1,2026,H0628,12,UrgentlyNeededCare,$0 ,54:21.5,54:21.5,AETH\A846534,AETH\A846534,0,Emergency/Urgent Care,4,C9E5800A-BF92-47BE-8302-26501A82334E
CB125E9E-6560-45B1-B187-00B01ACF717F,2026,H5521,395,SNF,"In-Network $0 per day, days 1-20; $216 per day, days 21-100  Out-of-Network 50% per stay",54:21.5,54:21.5,AETH\A846534,AETH\A846534,0,Facility Services,3,2DE64A64-8C33-4D62-BFD7-74131DAF4F18
96EFB257-CEC8-4B8C-8829-00B10353AF4F,2026,H2663,5,UrgentlyNeededCare,$25 ,54:21.5,54:21.5,AETH\A846534,AETH\A846534,0,Emergency/Urgent Care,4,0B78CB1B-ECB0-4F47-8139-9C96C3B64BAC
B378A01B-E014-4309-A211-00B2604B7560,2026,H5521,381,Medical Deductible,$0 ,54:21.5,54:21.5,AETH\A846534,AETH\A846534,0,Plan Information,1,4CCF283A-EDB3-4D15-82F2-43DE28901D65
C920FF97-F990-457F-A96D-00B35125522C,2026,H0523,75,Medical Deductible,$0 ,54:21.5,54:21.5,AETH\A846534,AETH\A846534,0,Plan Information,1,60A68533-9E72-4AB4-A3E7-52F984C077B4
A7247F97-80E4-4807-8AF2-00B5A5582240,2026,H4711,11,Visitor/Traveler Program,No,54:21.5,54:21.5,AETH\A846534,AETH\A846534,0,Extra Benefits,17,4AABD493-9575-4B74-A3E6-8908E30B60EE
71DA33EA-D2AD-496D-881D-00B98C95461A,2026,H5522,1,Chiropractic Routine Services,In-Network $15 per visit  Out-of-Network 50% per visit  twelve visits every year,54:21.5,54:21.5,AETH\A846534,AETH\A846534,0,Extra Benefits,17,1C2683D7-87A1-4982-8087-70FC7D912508
24F5CB59-8CEC-4EBE-ABF9-00BAEED41463,2026,H2663,21,Ambulatory surgical center,In-Network $0 for preventive and diagnostic colonoscopy $175 all other ambulatory surgical center services,54:21.5,54:21.5,AETH\A846534,AETH\A846534,0,Ambulatory surgical center,6,088C1A67-AD8D-43D2-8A62-72919D74D20F
683FB339-D9D2-4FD9-8910-00BBD4A74996,2026,H3146,36,Eyewear Coverage,In-Network  Eye Exams: $0 for non-Medicare covered eye exams Maximum one non-Medicare covered routine eye exam every calendar year with an EyeMed provider  Eyewear: $0 for Contacts $0 for Eyeglasses $0 for Eyeglass Frames $0 for Eyeglass Lenses $0 for Upgrades  $200 annual benefit amount (allowance) for non-Medicare covered prescription eyewear.,54:21.5,54:21.5,AETH\A846534,AETH\A846534,0,Vision,11,0AA1933C-7092-4CA8-AA6D-BA76E42A2B33
00876F21-27BF-40DD-A51E-00BBF3BE5C59,2026,H3959,73,OTC,"Over-the-Counter (OTC) Wallet with a $250 monthly benefit amount (allowance) on the Extra Benefits Card to help pay for approved OTC health and wellness products like first aid supplies, cold and allergy medicine, pain relievers, and more. Approved products can be purchased in-store at participating locations including CVS retail locations (excluding locations inside other stores), and online or by phone through CVS OTC Health Solutions.  Qualifying members may be eligible for additional spending categories on the Extra Supports Wallet. See EOC for more information on the Extra Supports Wallet.",54:21.5,54:21.5,AETH\A846534,AETH\A846534,0,Extra Benefits,17,A6512152-C403-4EA0-809E-3D0168AB1FE7
35F592BC-2D7F-4D10-B776-00BD2473D250,2026,H5521,388,Therapeutic Massage,,54:21.5,54:21.5,AETH\A846534,AETH\A846534,0,Extra Benefits,17,A47456D9-7958-4931-99A0-C2BE994681FC
5902EF4F-C679-41ED-9B5C-00C0692F46E9,2026,H3959,2,Specialist,In-Network $0 for services provided in a nursing home $30 for services provided outside a nursing home,54:21.5,54:21.5,AETH\A846534,AETH\A846534,0,DOCTOR SERVICES,2,5FA278EA-1AF7-420F-8AF7-45EE3DA4C5D8
2C873022-8EA2-4148-970C-00C1A987B1A6,2026,H5521,275,Diabetic Monitoring Supplies,In-Network 0% for Roche/Accu-Chek and TRUE/Trividia diabetic supplies 20% for other covered diabetic supplies  Out-of-Network 0% for Roche/Accu-Chek and TRUE/Trividia diabetic supplies 20% for other covered diabetic supplies,54:21.5,54:21.5,AETH\A846534,AETH\A846534,0,Diabetic Monitoring Supplies,7,867242FA-194A-4A4B-AD3D-C19FB1427C6F
1071DF56-6986-4F08-A784-00C407F83FB7,2026,H3219,4,ER,$150 If you are admitted to the hospital within 24 hours your cost share may be waived,54:21.5,54:21.5,AETH\A846534,AETH\A846534,0,Emergency/Urgent Care,4,1496A4FF-65BE-4724-BCDF-7B2F1D8DA9B9
8BFCFD76-E994-4379-897D-00C7515B4D7D,2026,H2663,40,Transportation,Not Covered,54:21.5,54:21.5,AETH\A846534,AETH\A846534,0,Extra Benefits,17,6D83F676-0612-4D45-AA4B-2E7A60378A62
6F6A29E8-EB0D-47AD-B263-00C8D11FA4BB,2026,H3312,69,Lab Services,In-Network $0,54:21.5,54:21.5,AETH\A846534,AETH\A846534,0,Diagnostic/Lab,5,38605AAD-18FF-415D-851C-B50B315FD76C
A15307ED-D698-4D90-B671-00C94147153C,2026,H5593,1,Transportation,Not Covered,54:21.5,54:21.5,AETH\A846534,AETH\A846534,0,Extra Benefits,17,07303FB7-7884-4ECA-B22E-9BF3866504AB
C99C4F9E-ED1D-4AA8-8549-00CE83CF3A5C,2026,H0628,39,Lab Services,In-Network $0,54:21.5,54:21.5,AETH\A846534,AETH\A846534,0,Diagnostic/Lab,5,2E22C438-14DC-49C8-A9BD-2C618EEACE8E
DB253F7A-4B25-4097-A2CA-00CF51776D14,2026,H1608,1,Premium,$0.00 ,54:21.5,54:21.5,AETH\A846534,AETH\A846534,0,Plan Information,1,C5061CB6-EAA5-42EF-9C68-880625656D06
919E4D49-21A9-418C-93F3-00D13DD36163,2026,H3239,23,Limited Network,,54:21.5,54:21.5,AETH\A846534,AETH\A846534,0,Plan Information,1,CB49480A-0289-4219-BDCE-354D9A5A483F
5DC9D6E0-04A6-47CC-880B-00D3E9267098,2026,H3931,154,Chiropractic Routine Services,,54:21.5,54:21.5,AETH\A846534,AETH\A846534,0,Extra Benefits,17,35A875F7-5473-4765-9E1F-A7C7DB897734
493EAE2E-62D3-446E-9F48-00D517E0282D,2026,H3239,28,Additional Telehealth Services,In-Network  $0 for PCP  $0 for Specialist  $0 for Urgently Needed Services  $0 for Mental Health - Group Sessions  $0 for Mental Health - Individual Sessions  $0 for Psychiatric Services - Group Sessions  $0 for Psychiatric Services - Individual Sessions,54:21.5,54:21.5,AETH\A846534,AETH\A846534,0,Additional Telehealth Services,15,13EF0C70-3056-40F5-8E23-2EBF02FEA73C
3E6FD846-A3E7-4A49-862D-00D884219FA4,2026,H9314,1,Home Health Care,In-Network $0,54:21.5,54:21.5,AETH\A846534,AETH\A846534,0,Home Health Care,14,47D27AC3-40E1-4367-8BA4-A65AFC2E48A9
8F5248E7-F666-416F-8A4E-00D99010CF06,2026,H5521,81,SNF,"In-Network $10 per day, days 1-20; $218 per day, days 21-100  Out-of-Network 20% per stay",54:21.5,54:21.5,AETH\A846534,AETH\A846534,0,Facility Services,3,B35D5E48-7C02-48E1-97A8-8D7D7A166436
AD5E3C7F-E3EF-4A39-8241-00DCC31C52E4,2026,H3146,4,Troop,"$2,100 ",54:21.5,54:21.5,AETH\A846534,AETH\A846534,0,Prescription Drug Coverage,25,28708204-5C8A-48CC-BC23-ABB1CF75425E
D2AB6BD5-6363-400C-8B28-00E132FB0697,2026,H1608,50,Chiropractic Routine Services,,54:21.5,54:21.5,AETH\A846534,AETH\A846534,0,Extra Benefits,17,29F9B442-A0E6-471F-A6FE-A62BF359E630
D79E5895-44AC-43D9-A311-00E57A527775,2026,H5521,652,Fitness,"Fitness benefit that includes a basic membership to any SilverSneakers participating fitness facility. If you do not reside near a participating facility, or prefer to exercise at home, online classes and one at-home fitness kit per year are available through SilverSneakers at no additional cost to you.",54:21.5,54:21.5,AETH\A846534,AETH\A846534,0,Wellness,13,81FEBD09-6F9F-49AF-9562-F3D0E00C9314
0F221A46-53D2-42F2-88C8-00E6C966DB14,2026,H3931,102,Visitor/Traveler Program,See an Aetna HMO participating provider anywhere in the United States and pay in-network cost sharing.,54:21.5,54:21.5,AETH\A846534,AETH\A846534,0,Extra Benefits,17,7A68642F-E127-4510-B36D-B95574BA53E5
014E4D7B-80CB-45D0-989E-00EC40E175DF,2026,S5601,28,Preventive Benefits,,54:21.5,54:21.5,AETH\A846534,AETH\A846534,0,Preventive Benefits,12,972F81F7-81FD-477B-ACF2-FB813CBE811C
D0814E6F-C95F-4769-B24C-00EE8121607A,2026,H5522,29,Plan Name,Aetna Medicare PinnacleHealth Prime (PPO),54:21.5,54:21.5,AETH\A846534,AETH\A846534,0,Plan Information,1,E7807A8C-3C77-444F-B39E-12B5CD11EE8E
17472B73-5112-4B94-AD90-00F1C82576FF,2026,H1608,77,Transportation,$0 for 12 one-way trips every year,54:21.5,54:21.5,AETH\A846534,AETH\A846534,0,Extra Benefits,17,364856D4-9943-4963-9618-C18EFA12A3F7
71C719B4-C62E-4B2A-A253-00F413BB9AE7,2026,H0628,18,Diagnostic Procedures,"In-Network 0% for certain Medicare-covered diagnostic tests and services including Retinal fundus, Spirometry, Peripheral arterial disease (PAD)  20% for other diagnostic procedures and tests",54:21.5,54:21.5,AETH\A846534,AETH\A846534,0,Diagnostic/Lab,5,CA1E722E-1BB9-4BD4-94A5-97DF4DE4AD70
A933284A-67D2-4753-ACBA-00F4692A923A,2026,H5521,275,Limited Network,This plan offers a local network of select contracted providers. To locate a network provider you may contact Customer Service or search the online provider directory.,54:21.5,54:21.5,AETH\A846534,AETH\A846534,0,Plan Information,1,867242FA-194A-4A4B-AD3D-C19FB1427C6F
