PHMCY_PTY_GID,ADDR_CBSA_CD,ADDR_CBSA_TITLE,ADDR_CITY_NM,ADDR_CNTY_CD,ADDR_CNTY_NM,ADDR_LINE1,ADDR_LINE2,ADDR_ST_ABBR_CD,ADDR_ZIP4_CD,ADDR_ZIP5_CD,ADDR_ZIP9_CD,AFTR_HR_IND,AUDT_DT,BE_ID,BP_SCRN_IND,BRAILLE_LBL_IND,CMPLC_MNTR_IND,CMPND_PHMCY_SRVC_IND,CNTRCT_EXPRN_DT,CNTRCT_MAIL_ORDR_IND,CVS_MAIL_IND,CVS_OWNED_IND,CVS_RTL_IND,CVS_SPCLT_IND,DLVRY_SRVC_CD,DRABL_EQPMNT_CD,DRVTHRU_IND,DZ_SPCLT_IND,E_RX_ENBL_IND,EXTN_HR_IND,FED_TAX_ID,FLU_SHOT_IND,GRP_TYP_CD,HLTH_SCRN_IND,IMMZTN_IND,INFSN_THRPY_IND,MED_REVW_IND,MSTR_GRP_CD,MSTR_GRP_NM,NCPDP_CHAIN_ID,NCPDP_CHAIN_NM,NCPDP_CHAIN_PHONE_NBR,NCPDP_FRANCH_ID,NCPDP_FRANCH_NM,NCPDP_FRANCH_PHONE_NBR,NCPDP_PRVDR_ID,NPI_ID,ONSITE_CLNC_IND,OPN_24_HR_IND,OPN_7_DAY_IND,PHMCY_CLS_CD,PHMCY_DSPNS_DESC,PHMCY_FAX_NBR,PHMCY_NM,PHMCY_PHONE_NBR,PHMCY_SRVC_TYP_CD,PREV_NABP_CD,QL_CHAIN_ID,QL_CHAIN_NM,QL_ENTY_TYP_CD,REC_CHG_TS,RECAP_CHAIN_ID,RECAP_CHAIN_NM,RECAP_CHAIN_PHONE_NBR,REUSE_IND,REUSE_NBR,SPCLT_INT_PHMCY_GRP_NM,SPCLT_PHMCY_IND,SPCLT_PHMCY_TYP_CD,BUS_UNT_NM,PHMCY_SIZING_NM,PHMCY_340B_IND,PHMCY_340B_STUS_CD,DRVD_PHMCY_IND,SPKN_PRNT_LANG_1_TXT,SPKN_PRNT_LANG_2_TXT,SPKN_PRNT_LANG_3_TXT,SPKN_PRNT_LANG_4_TXT,SPKN_PRNT_LANG_5_TXT,SRC_CD,SRC_CHG_TS,STORE_ID,STUS_CD,RECAP_STUS_CD,UNIVERSAL_MAIL_IND,VISN_SRVC_IND,WRTN_MTRL_IND,WRTN_PRNT_LANG_1_TXT,WRTN_PRNT_LANG_2_TXT,WRTN_PRNT_LANG_3_TXT,WRTN_PRNT_LANG_4_TXT,WRTN_PRNT_LANG_5_TXT
1546542205, , ,CYNTHIANA,97,HARRISON COUNTY,127 KY HWY 32 W, ,KY, ,41031,41031,N,1800-01-01 00:00:00.000,ADJUDICATI,N,,N,N,00:00.0,N,N,N,N,N,F,N,N,,Y,,332637616,N,A,,,,N,A904,ELEVATE, , , , , , ,1841635,1.01004E+11,,N,N,INDPNDNT, ,8596581755,HMH CLINIC PHARMACY SOUTH,8592982424,CRP,0,959,JAFFE DRUG STORES INC,1,26:19.0,A904,ELEVATE PROVIDER NETWORK, ,N,0,UNDEFINED,N, ,UNDEFINED,UNDEFINED,Y,38,N, , , , , ,R         ,00:00.0, ,A         ,A         ,N,,N,ENGLISH, , , , 
1331955513,31100,"LOS ANGELES-LONG BEACH-SANTA ANA, CA",STANTON,59,ORANGE COUNTY,12505 BEACH BLVD SUITE A2, ,CA, ,90680,90680,Y,1800-01-01 00:00:00.000,ADJUDICATI,Y,,Y,N,00:00.0,N,N,N,N,N,F,L,N,,Y,,832086974,Y,I,,,,Y,0,INDEPENDENTS, , , , , , ,5669950,1.01265E+11,,N,N,INDPNDNT, ,7142489115,VN CARE PHARMACY,7145849599,CRP,0,0,INDEPENDENTS,1,30:48.0,0, , ,N,0,UNDEFINED,N, ,UNDEFINED,UNDEFINED,N,36,N,VIETNAMESE,SPANISH, , , ,R         ,00:00.0, ,A         ,A         ,N,,Y,SPANISH,VIETNAMESE,ENGLISH, , 
143568, , ,TULIA,437,SWISHER COUNTY,105 SW 2ND ST, ,TX, ,79088,79088,N,00:00.0,ADJUDICATI,Y,,Y,N,00:00.0,N,N,N,N,N,F,N,Y,,Y,,300438382,,I,,,,Y,0,INDEPENDENTS, , , , , , ,4532809,1.01437E+11,,N,N,INDPNDNT, ,8069953278,MOORE THAN MEDICINE,8069953551,CRP,453280, , ,,09:33.0,0, , ,N,0,OTHER,N, ,RETAIL,INDEPENDENTS,Y,37,N,SPANISH, , , , ,R         ,00:00.0, ,A         ,A         ,N,,Y,ENGLISH,SPANISH, , , 
1492681172,23540,"GAINESVILLE, FL",HAWTHORNE,1,ALACHUA COUNTY,6925 SE US HIGHWAY 301, ,FL,3966,32640,32640,Y,1800-01-01 00:00:00.000,ADJUDICATI,Y,,Y,Y,00:00.0,N,N,N,N,N,F,L,N,,Y,,881663663,,I,,,,Y,0,INDEPENDENTS, , , , , , ,5754278,1.01347E+11,,N,N,INDPNDNT, ,3523254755,JRA HEALTH LLC,3524431684,HITP,0,0,INDEPENDENTS,1,40:15.0,0, , ,N,0,UNDEFINED,N, ,UNDEFINED,UNDEFINED,N,36,N,SPANISH, , , , ,R         ,00:00.0, ,A         ,A         ,N,,Y,ENGLISH,SPANISH, , , 
14854,16740,"CHARLOTTE-GASTONIA-CONCORD, NC-SC",CHARLOTTE,119,MECKLENBURG COUNTY,1701 ABBEY PLACE,,NC,    ,28209,28209,Y,1800-01-01 00:00:00.000,3416054,N,,Y,N,00:00.0,N,N,N,N,N,F,L,N,,Y,,261451047,N,I,,,,Y,0,INDEPENDENTS, , , , , , ,3416054,1.01751E+11,,N,N,INDPNDNT, ,7045618580,HEALTHY AT HOME CMC HOME INF &,7045125333,HITP,0,0,INDEPENDENTS,1,40:15.0,0, , ,N,0,UNDEFINED,N, ,UNDEFINED,UNDEFINED,Y,38,N, , , , , ,R         ,00:00.0, ,A         ,A         ,N,,Y,ENGLISH, , , , 
1218968636,29820,"LAS VEGAS-PARADISE, NV",LAS VEGAS,3,CLARK COUNTY,6730 N HUALAPAI WAY, ,NV,1358,89149,89149-1358,N,1800-01-01 00:00:00.000,ADJUDICATI,Y,,Y,N,00:00.0,N,N,N,N,N,L,L,N,,Y,,820184434,Y,C,,,,Y,6929,ALBERTSONS,3,ABS LLC SO CAL AND IMW,2083953954, , , ,2995198,1.01327E+11,,N,Y,CHN,CHAIN RETAIL,7026704961,SAV-ON PHARMACY,7026704960,CRP,0,3,ALBERTSON'S INC,1,30:48.0,2029,ALBERTSONS LLC, ,N,0,ALBERTSONS,N, ,RETAIL,CHAIN RETAIL,N,36,N, , , , , ,R         ,00:00.0,3489,A         ,A         ,N,,Y,ENGLISH, , , , 
7727084,29460,"LAKELAND, FL",HAINES CITY,105,POLK COUNTY,280 PATTERSON RD STE 2, ,FL,6261,33844,33844-6261,,1800-01-01 00:00:00.000, ,,,,N,00:00.0,N,N,N,N,N,N,N,N,,Y,,264357181,,,,,,,,, , , , , , ,1054585,1.01963E+11,,N,,INDPNDNT, ,8133886871,HEART OF FLORIDA PHARMACY,8139820736,CRP,0, , ,,16:06.0, , , ,Y,1,UNDEFINED,N, ,UNDEFINED,UNDEFINED,U,99,N, , , , , ,NCPDP     ,00:00.0,,I         ,          ,N,,,HINDI, , , , 
1370445411,35620,"NEW YORK-NORTHERN NEW JERSEY-LONG ISLAND, NY-NJ-PA",FLUSHING,81,QUEENS COUNTY,19406 NORTHERN BLVD, ,NY,3033,11358,11358-3033,N,1800-01-01 00:00:00.000,ADJUDICATI,Y,,Y,Y,00:00.0,N,N,N,N,N,F,L,N,,Y,,844986741,,A,,,,Y,A603,LEADER DRUG STORE INC, , , , , , ,5831400,1.01842E+11,,N,N,INDPNDNT, ,3475423838,UNION PHARMACY,3474381400,CRP,0,0,INDEPENDENTS,1,05:00.0,A603,LEADER DRUG STORE INC, ,N,0,UNDEFINED,N, ,UNDEFINED,UNDEFINED,N,36,N,KOREAN, , , , ,R         ,00:00.0, ,A         ,A         ,N,,Y,KOREAN,ENGLISH, , , 
1101171303,41740,"SAN DIEGO-CARLSBAD-SAN MARCOS, CA",SAN DIEGO,73,SAN DIEGO COUNTY,10119 CARROLL CANYON RD,,CA,    ,92131,92131,,1800-01-01 00:00:00.000,5601427,,,,,00:00.0,N,N,N,N,N,,,,,,, ,,,,,,,,, , , , , , ,5601427,1.01669E+11,,,,, , ,"LIFECARE SOLUTIONS, INC.", ,,0,0,INDEPENDENTS,1,30:48.0, , , ,Y,1,UNDEFINED,N, ,UNDEFINED,UNDEFINED,U,99,N, , , , , ,R         ,00:00.0, ,A         ,          ,N,,, , , , , 
109697,30780,"LITTLE ROCK-NORTH LITTLE ROCK-CONWAY, AR",JACKSONVILLE,119,PULASKI COUNTY,819 W MAIN ST,,AR,4435,72076,72076-4435,N,00:00.0,ADJUDICATI,Y,,Y,,00:00.0,N,N,N,N,N,L,L,Y,,Y,,361924025,Y,C,,,,Y,1002,WALGREENS,226,WALGREENS DRUG STORE,2177092351, , , ,422030,1.01791E+11,,N,Y,CHN,CHAIN RETAIL,5012410228,WALGREENS,5012410225,CRP,0,226,WALGREENS CORPORATION,1,40:15.0,1002,WALGREENS CORPORATION, ,N,0,WALGREENS,N, ,RETAIL,CHAIN RETAIL,N,36,N, , , , , ,R         ,00:00.0,2364,A         ,A         ,N,,Y,ENGLISH, , , , 
1521456985,33100,"MIAMI-FORT LAUDERDALE-POMPANO BEACH, FL",FORT LAUDERDALE,11,BROWARD COUNTY,6301 NW 5TH WAY STE 1410B, ,FL,6131,33309,33309-6131,,1800-01-01 00:00:00.000,Z934991,,,,,00:00.0,N,N,N,N,N,,,,,,,465478630,,,,,,,,, , , , , , ,5757325,1.01568E+11,,,,, ,8338983992,BLUE SKY SPECIALTY PHARMACY,8668220103,,0,0,INDEPENDENTS,1,56:44.0, , , ,N,0,UNDEFINED,N, ,UNDEFINED,UNDEFINED,U,99,N, , , , , ,R         ,00:00.0, ,A         ,          ,N,,,FRENCH,ENGLISH,RUSSIAN,PORTUGUESE,SPANISH
90121,46340,"TYLER, TX",TYLER,423,SMITH COUNTY,2323 W FRONT ST, ,TX,7704,75702,75702-7704,Y,1800-01-01 00:00:00.000,ADJUDICATI,N,,Y,N,00:00.0,N,N,N,N,N,F,N,N,,Y,,270556097,Y,C,,,,Y,7945,"GENOA, A QOL HEALTHCARE CO LLC",945,"GENOA HEALTHCARE, LLC",2532180830, , , ,4542850,1.01589E+11,,N,N,CHN,CHAIN LONG TERM CARE,9035953394,GENOA HEALTHCARE LLC,9035953100,LTCP,0,945,MEDFUSION RX/QOL MEDS,1,30:48.0,7945,"GENOA, A QOL HEALTHCARE CO LLC", ,N,0,GENOA-QOL HEALTHCARE,N, ,HEALTH SYSTEM,PBM/HEALTH PLAN OWNED,Y,37,N,SPANISH, , , , ,R         ,00:00.0,50,A         ,A         ,N,,Y,ENGLISH, , , , 
2700,19100,"DALLAS-FORT WORTH-ARLINGTON, TX",ALLEN,85,COLLIN COUNTY,1320 W MCDERMOTT DR,,TX,2844,75013,75013-2844,N,00:00.0,ADJUDICATI,Y,,Y,,00:00.0,N,N,N,N,N,N,L,Y,,Y,,311678530,Y,C,,,,Y,1029,KROGER,113,THE KROGER CO,5137627083, , , ,4508555,1.01417E+11,,N,Y,CHN,CHAIN RETAIL,2144950206,KROGER PHARMACY,2144950204,CRP,0,113,KROGER COMPANY-KROGER EAST,1,40:15.0,1029,KROGER COMPANY/CINCINNATI DIV, ,N,0,KROGER,N, ,RETAIL,CHAIN RETAIL,N,36,N, , , , , ,R         ,00:00.0,35568,A         ,A         ,N,,Y,ENGLISH, , , , 
117548,33100,"MIAMI-FORT LAUDERDALE-POMPANO BEACH, FL",WEST PALM BEACH,99,PALM BEACH COUNTY,2050 45TH ST,,FL,2019,33407,33407-2019,N,00:00.0,ADJUDICATI,N,,Y,N,00:00.0,N,N,N,N,N,L,L,Y,,Y,,361924025,Y,C,,,,Y,1002,WALGREENS,226,WALGREENS DRUG STORE,2177092351, , , ,1085073,1.01084E+11,,N,Y,CHN,CHAIN RETAIL,5618424595,WALGREENS,5618428799,CRP,0,226,WALGREENS CORPORATION,1,30:48.0,1002,WALGREENS CORPORATION,,N,0,WALGREENS,N, ,RETAIL,CHAIN RETAIL,N,36,N, , , , , ,R         ,00:00.0,4765,A         ,A         ,N,,Y,ENGLISH, , , , 
102519,33340,"MILWAUKEE-WAUKESHA-WEST ALLIS, WI",MILWAUKEE,79,MILWAUKEE COUNTY,5000 W CHAMBERS ST STE 1801, ,WI,1650,53210,53210-1650,N,1800-01-01 00:00:00.000,ADJUDICATI,Y,,Y,Y,00:00.0,N,N,N,N,N,L,N,N,,Y,,391613624,N,I,,,,Y,0,INDEPENDENTS, , , , , , ,5127572,1.01094E+11,,N,N,ADS, ,4144472592,ASCENSION RX,4144472585,CP,0,0,INDEPENDENTS,1,09:57.0,A605,HEALTH MART ATLAS, ,N,0,OTHER,N, ,RETAIL,INDEPENDENTS,Y,37,N,SPANISH, , , , ,R         ,00:00.0,1103,A         ,A         ,N,,Y,ENGLISH, , , , 
128682,19820,"DETROIT-WARREN-LIVONIA, MI",WEST BLOOMFIELD,125,OAKLAND COUNTY,6070 W MAPLE RD,,MI,2212,48322,48322-2212,,1800-01-01 00:00:00.000,ADJUDICATI,,,,,00:00.0,N,N,Y,Y,N,L,N,Y,,Y,,364525289,Y,C,,,,,1077,CVS,39,CVS PHARMACY INC,4017651500, , , ,2360078,1.01649E+11,,N,Y,CHN,CHAIN RETAIL,2488651193,CVS PHARMACY,2488652290,CRP,0,39,CVS PHARMACY,1,40:15.0,1091,CVS PHARMACY (REVCO ARBOR), ,N,0,CVS RETAIL,N, ,RETAIL,CVS,N,36,N, , , , , ,R         ,00:00.0,8239,A         ,A         ,N,,, , , , , 
33513,22020,"FARGO, ND-MN",FARGO,17,CASS COUNTY,3902 13TH AVE S STE 3706,,ND,7512,58103,58103-7512,N,1800-01-01 00:00:00.000,ADJUDICATI,N,,Y,N,00:00.0,N,N,N,N,N,C,N,N,,Y,,450380795,N,A,,,,Y,A783,ALIGNRX, , , , , , ,3502994,1.01488E+11,,N,N,INDPNDNT, ,7012812728,"WEST ACRES PHARMACY, INC.",7012820285,CRP,0, , ,,23:30.0,A783,ALIGNRX,,N,0,OTHER,N, ,RETAIL,INDEPENDENTS,Y,37,N, , , , , ,R         ,00:00.0, ,A         ,A         ,N,,Y,ENGLISH, , , , 
1462453453,19820,"DETROIT-WARREN-LIVONIA, MI",MELVINDALE,163,WAYNE COUNTY,3702 OAKWOOD BLVD STE 2, ,MI,    ,48122,48122,N,1800-01-01 00:00:00.000,ADJUDICATI,N,,Y,N,00:00.0,N,N,N,N,N,F,L,N,,Y,,874580407,,A,,,,Y,A769,PHARMACY PROVIDERS OF OKLAHOMA, , , , , , ,2390196,1.01255E+11,,N,N,INDPNDNT, ,3137685231,PROSPECT PHARMACY LLC,3137685232,CRP,0, , ,,31:42.0,A769,PHARMACY PROVIDERS OF OKLAHOMA,,N,0,UNDEFINED,N, ,UNDEFINED,UNDEFINED,N,36,N,ARABIC, , , , ,R         ,00:00.0, ,A         ,A         ,N,,Y,ARABIC,ENGLISH,ARABIC, , 
1049114813,42660,"SEATTLE-TACOMA-BELLEVUE, WA",BURIEN,33,KING COUNTY,12725 1ST AVE S, ,WA,2683,98168,98168,N,1800-01-01 00:00:00.000,ADJUDICATI,Y,,Y,N,00:00.0,N,N,N,N,N,L,L,N,,Y,,943019135,Y,C,,,,Y,2000,SAFEWAY,400,SAFEWAY INC,2083953954, , , ,4937263,1.01933E+11,,N,Y,CHN,CHAIN RETAIL,2065667306,SAFEWAY PHARMACY,2065667303,CRP,0,400,SAFEWAY STORES INC,1,40:15.0,2003,SAFEWAY INC - DENVER DIVISON, ,N,0,ALBERTSONS,N, ,RETAIL,CHAIN RETAIL,N,36,N, , , , , ,R         ,00:00.0,3120,A         ,A         ,N,,Y,ENGLISH, , , , 
14059,37020,"OWOSSO, MI",OWOSSO,155,SHIAWASSEE COUNTY,1315 E M 21, ,MI, ,48867,48867,N,1800-01-01 00:00:00.000,ADJUDICATI,Y,,Y,,00:00.0,N,N,N,N,N,N,L,Y,,Y,,380900860,Y,C,,,,Y,1029,KROGER,113,THE KROGER CO,5137627083, , , ,2363961,1.01216E+11,,N,Y,CHN,CHAIN RETAIL,9897290635,KROGER PHARMACY,9897290275,CRP,0,113,KROGER COMPANY-KROGER EAST,1,40:15.0,1029,KROGER COMPANY/CINCINNATI DIV, ,N,0,KROGER,N, ,RETAIL,CHAIN RETAIL,N,36,N, , , , , ,R         ,00:00.0,16795,A         ,A         ,N,,Y,ENGLISH, , , , 
20074,15540,"BURLINGTON-SOUTH BURLINGTON, VT",SOUTH BURLINGTO,7,CHITTENDEN COUNTY,935 SHELBURNE RD STE 300, ,VT,    ,5403,5403,N,1800-01-01 00:00:00.000,ADJUDICATI,Y,,Y,Y,00:00.0,N,N,N,N,N,L,L,N,,Y,,30222879,Y,C,,,,Y,2086,HANNAFORD,233,HANNAFORD BROS CO LLC,2078857454, , , ,4702026,1.01105E+11,,N,Y,CHN,CHAIN RETAIL,8028646409,HANNAFORD FOOD & DRUG,8028631842,CRP,0,233,"HANNAFORD BROS. CO., INC.",1,30:48.0,2086,"HANNAFORD BROS. CO., INC.",,N,0,HANNAFORD,N, ,RETAIL,INDEPENDENTS,N,36,N, , , , , ,R         ,00:00.0,303,A         ,A         ,N,,Y,ENGLISH, , , , 
301280013,12060,"ATLANTA-SANDY SPRINGS-MARIETTA, GA",ATLANTA,89,DEKALB COUNTY,1833 CLIFTON RD NE RM 115,ROOM 115,GA,4021,30329,30329-4021,Y,1800-01-01 00:00:00.000,ADJUDICATI,N,,N,N,00:00.0,N,N,N,N,N,N,N,N,,N,,581529366,N,I,,,,Y,0,INDEPENDENTS, , , , , , ,1162902,1.01256E+11,,N,N,ADS, ,4047286930,BUDD TERRACE PHARMACY,4047286807,LTCP,0,0,INDEPENDENTS,1,40:15.0,0, , ,N,0,OTHER,N, ,RETAIL,INDEPENDENTS,N,36,N, , , , , ,R         ,00:00.0, ,A         ,A         ,N,,N,ENGLISH, , , , 
25172,12420,"AUSTIN-ROUND ROCK, TX",AUSTIN,453,TRAVIS COUNTY,711 W 38TH ST STE C3,,TX,1126,78705,78705-1126,N,00:00.0,ADJUDICATI,Y,,Y,N,00:00.0,N,N,N,N,N,L,L,N,,Y,,742588303,N,I,,,,Y,0,INDEPENDENTS, , , , , , ,4582587,1.01558E+11,,N,N,CHN,CHAIN RETAIL,5124581882,38TH ST PHARMACY INC,5124583784,CRP,457680,0,INDEPENDENTS,1,17:16.0,0, ,,N,0,38TH ST PHARMACY INC,N, ,SPECIALTY,SPECIALTY (NON-CVS),Y,37,N,SPANISH, , , , ,R         ,00:00.0, ,A         ,A         ,N,,Y,SPANISH,ENGLISH, , , 
64366,45300,"TAMPA-ST. PETERSBURG-CLEARWATER, FL",TAMPA,57,HILLSBOROUGH COUNTY,2808 W DR MLK JR BLVD, ,FL, ,33607,33607,N,00:00.0,ADJUDICATI,N,,N,N,00:00.0,N,N,N,N,N,N,N,N,,Y,,592420282,,A,,,,N,4014,EPIC RX PHARMACY NETWORK INC,A24,TAMPA FAMILY HEALTH CENTER INC,8138660930, , , ,1024227,1.01478E+11,,N,N,INDPNDNT, ,8133371086,TFHC 17 PHARMACY,8133371090,CRP,0,6924,TAMPA FAMILY HEALTH CENTERS,1,40:15.0,6924,TAMPA FAMILY HEALTH CENTERS, ,N,0,TAMPA FAMILY HEALTH CENTERS,N, ,RETAIL,INDEPENDENTS,Y,38,N,SPANISH, , , , ,R         ,00:00.0,17,A         ,A         ,N,,N,ENGLISH,SPANISH, , , 
81658,24660,"GREENSBORO-HIGH POINT, NC",SUMMERFIELD,81,GUILFORD COUNTY,4601 US HIGHWAY 220 N, ,NC,9207,27358,27358-9207,N,1800-01-01 00:00:00.000,ADJUDICATI,N,,N,N,00:00.0,N,N,Y,Y,N,L,N,Y,,Y,,203649570,Y,C,,,,N,1077,CVS,177,CVS PHARMACY INC,4017651500, , , ,3420647,1.01165E+11,,N,Y,CHN,CHAIN RETAIL,3366433174,CVS PHARMACY,3366437738,CRP,0,177,CVS PHARMACY (REVCO ARBOR),1,40:15.0,1091,CVS PHARMACY (REVCO ARBOR), ,N,0,CVS RETAIL,N, ,RETAIL,CVS,N,36,N, , , , , ,R         ,00:00.0,5532,A         ,A         ,N,,N, , , , , 
112185,14460,"BOSTON-CAMBRIDGE-QUINCY, MA-NH",FRAMINGHAM,17,MIDDLESEX COUNTY,653 WORCESTER RD, ,MA,5222,1701,01701-5222,N,00:00.0,ADJUDICATI,N,,Y,N,00:00.0,N,N,N,N,N,L,L,Y,,Y,,361924026,Y,C,,,,Y,1002,WALGREENS,226,WALGREENS DRUG STORE,2177092351, , , ,2232964,1.01014E+11,,N,Y,CHN,CHAIN RETAIL,5086206482,WALGREENS,5086201608,CRP,0,226,WALGREENS CORPORATION,1,40:15.0,1002,WALGREENS CORPORATION, ,N,0,WALGREENS,N, ,RETAIL,CHAIN RETAIL,N,36,N, , , , , ,R         ,00:00.0,2861,A         ,A         ,N,,Y,ENGLISH, , , , 
30821,35620,"NEW YORK-NORTHERN NEW JERSEY-LONG ISLAND, NY-NJ-PA",NORTH BERGEN,17,HUDSON COUNTY,8416 KENNEDY BLVD, ,NJ, ,7047,7047,Y,00:00.0,ADJUDICATI,Y,,Y,Y,00:00.0,N,N,N,N,N,F,L,N,,Y,,272095280,N,A,,,,Y,A603,LEADER DRUG STORE INC, , , , , , ,3133016,1.01418E+11,,N,N,INDPNDNT, ,2018698371,ATLAS DRUG AND NUTRITION,2018695990,CRP,313301, , ,,30:48.0,A603,LEADER DRUG STORE INC, ,N,0,OTHER,N, ,RETAIL,INDEPENDENTS,N,36,N,ARABIC,SPANISH, , , ,R         ,00:00.0, ,A         ,A         ,N,,Y,ENGLISH,SPANISH, , , 
44178, , ,ELDORA,83,HARDIN COUNTY,1602 EDGINGTON AVE, ,IA, ,50627,50627,Y,1800-01-01 00:00:00.000,ADJUDICATI,Y,,Y,N,00:00.0,N,N,N,N,N,F,N,Y,,Y,,262347195,,I,,,,Y,0,INDEPENDENTS, , , ,139,MEDICAP PHARMACIES INC,8888875323,1621641,1.01175E+11,,N,N,FRNCHS, ,6418583189,MEDICAP PHARMACY,6418583567,CRP,162164,139,MEDICAP PHARMACIES,1,18:22.0,0, , ,N,0,MEDICAP PHARMACY,N, ,SPECIALTY,INDEPENDENTS,Y,37,N, , , , , ,R         ,00:00.0,8095,A         ,A         ,N,,Y,ENGLISH, , , , 
1531231716,16980,"CHICAGO-NAPERVILLE-JOLIET, IL-IN-WI",SHOREWOOD,197,WILL COUNTY,950 BROOKFOREST AVE, ,IL,8846,60404,60404-8846,,1800-01-01 00:00:00.000,Z933751,,,,,00:00.0,N,N,N,N,N,,,,,,,934855170,,,,,,,,, , , , , , ,1499789,1.01094E+11,,,,, ,8155772751,MARIANO'S PHARMACY #0526,8155772747,,0,7102,1918 WINTER ST OPERATING CO LL,1,57:08.0, , , ,N,0,UNDEFINED,N, ,UNDEFINED,UNDEFINED,U,99,N, , , , , ,R         ,00:00.0, ,A         ,          ,N,,, , , , , 
123176, , ,GAYLORD,143,SIBLEY COUNTY,660 3RD ST, ,MN, ,55334,55334,N,1800-01-01 00:00:00.000,ADJUDICATI,Y,,Y,N,00:00.0,N,N,N,N,N,L,N,N,,Y,,201832189,Y,I,,,,Y,0,INDEPENDENTS, , , , , , ,2426636,1.01659E+11,,N,N,INDPNDNT, ,5072372935,FIRST CHOICE PHARMACY,5072372933,CRP,0, , ,,43:38.0,0, , ,N,0,OTHER,N, ,RETAIL,INDEPENDENTS,N,36,N, , , , , ,R         ,00:00.0, ,A         ,A         ,N,,Y,ENGLISH, , , , 
151011,37900,"PEORIA, IL",EAST PEORIA,179,TAZEWELL COUNTY,200 N MAIN ST, ,IL,2549,61611,61611-2549,N,00:00.0,ADJUDICATI,N,,N,N,00:00.0,N,N,Y,Y,N,L,N,Y,,Y,,371414552,Y,C,,,,N,1077,CVS,177,CVS PHARMACY INC,4017651500, , , ,1448198,1.01105E+11,,N,Y,CHN,CHAIN RETAIL,3096942097,CVS PHARMACY,3096941496,CRP,0,177,CVS PHARMACY (REVCO ARBOR),1,40:15.0,1091,CVS PHARMACY (REVCO ARBOR), ,N,0,CVS RETAIL,N, ,RETAIL,CVS,N,36,N, , , , , ,R         ,00:00.0,6453,A         ,A         ,N,,N, , , , , 
83269,40900,"SACRAMENTO--ARDEN-ARCADE--ROSEVILLE, CA",DAVIS,113,YOLO COUNTY,2660 W COVELL BLVD, ,CA,5645,95616,95616-5645,N,00:00.0,ADJUDICATI,N,,N,N,00:00.0,N,N,N,N,N,N,N,N,,Y,,946036494,Y,A,,,,Y,A904,ELEVATE,B12,UCDHS PHARMACIES,9167343309, , , ,504135,1.01115E+11,,N,N,ADS, ,5307473060,UC DAVIS CLINIC PHARMACY,5307473051,CRP,0,0,INDEPENDENTS,1,40:15.0,A904,ELEVATE PROVIDER NETWORK, ,N,0,OTHER,Y,O,RETAIL,INDEPENDENTS,Y,38,Y,SPANISH, , , , ,R         ,00:00.0, ,A         ,A         ,N,,Y,ENGLISH, , , , 
53905,17660,"COEUR D'ALENE, ID",HAYDEN,55,KOOTENAI COUNTY,8093 CORNERSTONE DR, ,ID, ,83835,83835,N,1800-01-01 00:00:00.000,ADJUDICATI,Y,,Y,N,00:00.0,N,N,N,N,N,C,N,Y,,Y,,820440746,,A,,,,Y,A904,ELEVATE, , , , , , ,1306275,1.01023E+11,,N,N,INDPNDNT, ,2087629198,MEDICINE MAN PRAIRIE PHARMACY,2087629355,CRP,130627, , ,,30:48.0,A904,ELEVATE PROVIDER NETWORK, ,N,0,OTHER,N, ,RETAIL,INDEPENDENTS,Y,37,N, , , , , ,R         ,00:00.0, ,A         ,A         ,N,,Y,ENGLISH, , , , 
1484366055, , ,COLUMBUS,21,CHEROKEE COUNTY,116 W PINE ST, ,KS,1705,66725,66725-1705,,1800-01-01 00:00:00.000,Z939640,,,,,00:00.0,N,N,N,N,N,,,,,,,480810802,,,,,,,,, , , , , , ,1723863,1.0177E+11,,,,, ,6204291322,EVANS DRUG INC.,6204293322,,0,0,INDEPENDENTS,1,30:48.0, , , ,N,0,UNDEFINED,N, ,UNDEFINED,UNDEFINED,Y,37,N, , , , , ,R         ,00:00.0, ,A         ,          ,N,,,ENGLISH, , , , 
1510159874, , ,HAYTI,155,PEMISCOT COUNTY,225 S 3RD ST, ,MO, ,63851,63851,Y,1800-01-01 00:00:00.000,ADJUDICATI,Y,,Y,N,00:00.0,N,N,N,N,N,F,N,Y,,Y,,931801827,,A,,,,Y,A605,STRATEGIC HEALTH ALLIANCE, , , , , , ,2648686,1.01418E+11,,N,N,INDPNDNT, ,5733592266,SEMO DRUGS PHARMACY,5733591646,CRP,260677,0,INDEPENDENTS,1,15:45.0,A605,HEALTH MART ATLAS, ,N,0,UNDEFINED,N, ,UNDEFINED,UNDEFINED,N,36,N,SPANISH, , , , ,R         ,00:00.0,1,A         ,A         ,N,,Y,ENGLISH,SPANISH, , , 
51886,35620,"NEW YORK-NORTHERN NEW JERSEY-LONG ISLAND, NY-NJ-PA",HICKSVILLE,59,NASSAU COUNTY,524 S BROADWAY, ,NY,5013,11801,11801-5013,N,00:00.0,ADJUDICATI,N,,Y,Y,00:00.0,N,N,N,N,N,L,L,N,,Y,,753086785,N,A,,,,Y,A603,LEADER DRUG STORE INC, , , , , , ,3328653,1.01316E+11,,N,Y,INDPNDNT, ,5164332738,PERFECT PHARMACY,5164337115,CRP,336939, , ,,09:33.0,A603,LEADER DRUG STORE INC, ,N,0,UNDEFINED,N, ,UNDEFINED,UNDEFINED,N,36,N,SPANISH, , , , ,R         ,00:00.0, ,A         ,A         ,N,,Y,ENGLISH,SPANISH, , , 
1501090133,17300,"CLARKSVILLE, TN-KY",HOPKINSVILLE,47,CHRISTIAN COUNTY,4048 FORT CAMPBELL BLVD, ,KY,4950,42240,42240-4950,,1800-01-01 00:00:00.000,Z937644,,,,,00:00.0,N,N,N,N,N,,,,,,,923926399,,,,,,,,, , , , , , ,1840481,1.01549E+11,,,,, ,2708830826,CLINT'S HOMETOWN PHARMACY,2708390773,,0,0,INDEPENDENTS,1,30:48.0, , , ,N,0,UNDEFINED,N, ,UNDEFINED,UNDEFINED,N,36,N, , , , , ,R         ,00:00.0, ,A         ,          ,N,,,ENGLISH, , , , 
1020218810,22220,"FAYETTEVILLE-SPRINGDALE-ROGERS, AR-MO",ROGERS,7,BENTON COUNTY,808 W WALNUT ST, ,AR,3538,72756,72756-3538,N,1800-01-01 00:00:00.000,ADJUDICATI,Y,,Y,N,00:00.0,N,N,N,N,N,C,L,Y,,Y,,710415188,Y,C,,,,Y,2084,WALMART,229,WALMART STORES INC,4792771242, , , ,425202,1.01821E+11,,N,Y,CHN,CHAIN RETAIL,4792027196,WALMART PHARMACY,4792027197,CRP,0,229,WALMART,1,24:25.0,2084,WALMART, ,N,0,WALMART,N, ,RETAIL,CHAIN RETAIL,Y,37,N, , , , , ,R         ,00:00.0,Oct-54,A         ,A         ,N,,Y,ENGLISH, , , , 
17199,23540,"GAINESVILLE, FL",GAINESVILLE,1,ALACHUA COUNTY,6801 NW 9TH BLVD STE 4,,FL,8492,32635,32635-8492,,1800-01-01 00:00:00.000,Z987071,,,,,00:00.0,N,N,N,N,N,,,,,,,680584592,,,,,,,,, , , , , , ,5702154,1.01609E+11,,,,, ,3523797707,ALL PHYSICAL MEDICINE & REHABI,3523673422,,0,0,INDEPENDENTS,1,30:48.0, , , ,N,0,UNDEFINED,N, ,UNDEFINED,UNDEFINED,N,36,N, , , , , ,R         ,00:00.0, ,A         ,          ,N,,,ENGLISH, , , , 
1116115920,28140,"KANSAS CITY, MO-KS",LENEXA,91,JOHNSON COUNTY,9040 QUIVIRA RD, ,KS,3902,66215,66215-3902,,1800-01-01 00:00:00.000,Z959823,,,,,00:00.0,N,N,N,N,N,,,,,,,593209688,,,,,,,,, , , , , , ,1722188,1.01963E+11,,,,, ,8168942493,CORPORATE CARE -LENEXA,8164929675,,0,0,INDEPENDENTS,1,30:48.0, , , ,N,0,UNDEFINED,N, ,UNDEFINED,UNDEFINED,N,36,N, , , , , ,R         ,00:00.0, ,A         ,          ,N,,,ENGLISH, , , , 
1018882955,42660,"SEATTLE-TACOMA-BELLEVUE, WA",TACOMA,53,PIERCE COUNTY,1112 S CUSHMAN AVE, ,WA,3631,98405,98405-3631,N,1800-01-01 00:00:00.000,ADJUDICATI,N,,N,N,00:00.0,N,N,N,N,N,N,N,N,,Y,,911020139,N,A,,,,N,A783,ALIGNRX, , , , , , ,4936754,1.01933E+11,,N,N,INDPNDNT, ,2532466838,SEA MAR COMMUNITY HEALTH CTR,2532466830,CP,0,0,INDEPENDENTS,1,16:40.0,A783,ALIGNRX, ,N,0,UNDEFINED,N, ,UNDEFINED,UNDEFINED,Y,39,N,SPANISH, , , , ,R         ,00:00.0, ,A         ,A         ,N,,Y,ENGLISH,SPANISH, , , 
1479558411,35620,"NEW YORK-NORTHERN NEW JERSEY-LONG ISLAND, NY-NJ-PA",HAWTHORNE,119,WESTCHESTER COUNTY,600 LINDA AVE, ,NY,1362,10532,10532-1362,,1800-01-01 00:00:00.000,Z939962,,,,,00:00.0,N,N,N,N,N,,,,,,,131740039,,,,,,,,, , , , , , ,5837337,1.01892E+11,,,,, ,9147694712,ROSARY HILL HOME,9147690114,,0,0,INDEPENDENTS,1,30:48.0, , , ,N,0,UNDEFINED,N, ,UNDEFINED,UNDEFINED,N,36,N, , , , , ,R         ,00:00.0, ,A         ,          ,N,,,ENGLISH, , , , 
1459293988,27140,"JACKSON, MS",CANTON,89,MADISON COUNTY,340 CALHOUN STATION PKWY STE D, ,MS, ,39046,39046,N,1800-01-01 00:00:00.000,ADJUDICATI,Y,,Y,N,00:00.0,N,N,N,N,N,F,L,Y,,Y,,873328757,,A,,,,Y,A904,ELEVATE, , , , , , ,2593463,1.01073E+11,,N,N,INDPNDNT, ,6018910882,GERMANTOWN PHARMACY,6018910881,CRP,0,0,INDEPENDENTS,1,40:15.0,0, , ,N,0,UNDEFINED,N, ,UNDEFINED,UNDEFINED,N,36,N,HINDI,SPANISH, , , ,R         ,00:00.0, ,A         ,A         ,N,,Y,ENGLISH, , , , 
62366,35620,"NEW YORK-NORTHERN NEW JERSEY-LONG ISLAND, NY-NJ-PA",EATONTOWN,25,MONMOUTH COUNTY,130 HIGHWAY 35, ,NJ, ,7724,7724,N,00:00.0,ADJUDICATI,N,,N,N,00:00.0,N,N,Y,Y,N,L,N,Y,,Y,,203618568,Y,C,,,,N,1077,CVS,39,CVS PHARMACY INC,4017651500, , , ,3104534,1.01094E+11,,N,Y,CHN,CHAIN RETAIL,7325781021,CVS PHARMACY,7325427333,CRP,0,39,CVS PHARMACY,1,30:48.0,1077,CVS PHARMACY, ,N,0,CVS RETAIL,N, ,RETAIL,CVS,N,36,N, , , , , ,R         ,00:00.0,431,A         ,A         ,N,,N, , , , , 
54639,45300,"TAMPA-ST. PETERSBURG-CLEARWATER, FL",SPRING HILL,53,HERNANDO COUNTY,11115 SPRING HILL DR, ,FL,4649,34609,34609-4649,,00:00.0,ADJUDICATI,,,,,00:00.0,N,N,Y,Y,N,L,N,Y,,Y,,30394176,Y,C,,,,,1077,CVS,39,CVS PHARMACY INC,4017651500, , , ,1054989,1.01619E+11,,Y,Y,CHN,CHAIN RETAIL,3526666925,CVS PHARMACY,3526861336,CRP,0,39,CVS PHARMACY,1,30:48.0,1077,CVS PHARMACY, ,N,0,CVS RETAIL,N, ,RETAIL,CVS,N,36,N, , , , , ,R         ,00:00.0,3746,A         ,A         ,N,,, , , , , 
1470890125,12420,"AUSTIN-ROUND ROCK, TX",AUSTIN,453,TRAVIS COUNTY,2800 LONGHORN BLVD STE 102, ,TX,7624,78758,78758-7624,,1800-01-01 00:00:00.000,Z941145,,,,,00:00.0,N,N,N,N,N,,,,,,,881152958,,,,,,,,, , , , , , ,5937377,1.01386E+11,,,,, ,8332460739,CURATIVE PHARMACY,8334287284,,0,0,INDEPENDENTS,1,30:48.0, , , ,N,0,UNDEFINED,N, ,UNDEFINED,UNDEFINED,N,36,N, , , , , ,R         ,00:00.0, ,A         ,          ,N,,,ENGLISH, , , , 
141957,,,ST CROIX FALLS,95,POLK COUNTY,204 SOUTH ADAMS ST,,WI,    ,54024,54024,,1800-01-01 00:00:00.000,5129526,,,,,00:00.0,N,N,N,N,N,,,,,,, ,,,,,,,,, , , , , , ,5129526,1.01346E+11,,,,, , ,ST CROIX REGIONAL MEDICAL CENT, ,,0,818,"MEDVANTX, INC.",1,30:48.0, , , ,N,0,UNDEFINED,N, ,UNDEFINED,UNDEFINED,U,99,N, , , , , ,R         ,00:00.0, ,A         ,          ,N,,, , , , , 
151562,36740,"ORLANDO-KISSIMMEE, FL",OVIEDO,117,SEMINOLE COUNTY,820 OVIEDO MALL BLVD, ,FL,9348,32765,32765-9348,,00:00.0,ADJUDICATI,,,,,00:00.0,N,N,Y,Y,N,L,N,N,,Y,,30394176,Y,C,,,,,1077,CVS,207,CVS PHARMACY IN TARGET,4017651500, , , ,1072951,1.01164E+11,,N,Y,CHN,CHAIN RETAIL,3213483927,CVS PHARMACY,4073665907,CRP,0,207,"TARGET STORES, INC.",1,40:15.0,2104,"TARGET STORES, INC.", ,N,0,CVS RETAIL,N, ,TARGET,CVS,N,36,N, , , , , ,R         ,00:00.0,16329,A         ,A         ,N,,,ENGLISH, , , , 
49398,46140,"TULSA, OK",INOLA,131,ROGERS COUNTY,19 W COMMERCIAL, ,OK,0,74036,74036-0000,Y,1800-01-01 00:00:00.000,ADJUDICATI,Y,,Y,Y,00:00.0,N,N,N,N,N,L,L,N,,Y,,731217062,Y,I,,,,Y,0,INDEPENDENTS, , , , , , ,3722039,1.01488E+11,,N,N,INDPNDNT, ,9185432013,INOLA DRUG,9185438777,CRP,371299, , ,,40:15.0,A605,HEALTH MART ATLAS, ,N,0,OTHER,N, ,RETAIL,INDEPENDENTS,N,36,N, , , , , ,R         ,00:00.0, ,A         ,A         ,N,,Y,ENGLISH, , , , 
1275894394,12060,"ATLANTA-SANDY SPRINGS-MARIETTA, GA",SANDY SPRING,121,FULTON COUNTY,860 JOHNSON FERRY RD STE 230, ,GA,1453,30342,30342-1453,N,1800-01-01 00:00:00.000,ADJUDICATI,N,,Y,N,00:00.0,N,N,N,N,N,L,L,N,,Y,,361924025,Y,C,,,,Y,1002,WALGREENS, , , , , , ,1173602,1.01487E+11,,N,N,CHN,CHAIN RETAIL,4705207009,COMMUNITY A WALGREENS PHARMACY,4705207008,CRP,0,226,WALGREENS CORPORATION,1,40:15.0,1002,WALGREENS CORPORATION, ,N,0,WALGREENS,Y,O,RETAIL,CHAIN RETAIL,Y,37,Y, , , , , ,R         ,00:00.0,21230,A         ,A         ,N,,Y,ENGLISH, , , , 
1099304442,38300,"PITTSBURGH, PA",JEFFERSON HILLS,3,ALLEGHENY COUNTY,565 COAL VALLEY RD, ,PA,3703,15025,15025-3703,N,1800-01-01 00:00:00.000,ADJUDICATI,N,,Y,Y,00:00.0,N,N,N,N,N,N,N,N,,Y,,251260215,N,I,,,,Y,0,INDEPENDENTS, , , , , , ,6004840,1.01316E+11,,N,N,ADS, ,4124697634,JEFFERSON REGIONAL MED CENTER,4124697618,CRP,0,0,INDEPENDENTS,1,54:05.0,0, , ,N,0,UNDEFINED,N, ,UNDEFINED,UNDEFINED,N,36,N, , , , , ,R         ,00:00.0, ,A         ,A         ,N,,Y,ENGLISH, , , , 
157720,12060,"ATLANTA-SANDY SPRINGS-MARIETTA, GA",TEMPLE,45,CARROLL COUNTY,488 CARROLLTON ST, ,GA,4144,30179,30179-4144,N,1800-01-01 00:00:00.000,ADJUDICATI,Y,,Y,,00:00.0,N,N,N,N,N,N,L,Y,,Y,,560846267,Y,C,,,,Y,6822,INGLES MARKETS INC,822,INGLES MARKETS PHARMACY,8286692941, , , ,1158042,1.01478E+11,,N,Y,CHN,CHAIN RETAIL,7705622778,INGLES PHARMACY,7705622716,CRP,0,822,"INGLES MARKETS, INC",1,30:48.0,6822,INGLES MARKETS INC, ,N,0,INGLES PHARMACY,N, ,RETAIL,INDEPENDENTS,N,36,N, , , , , ,R         ,00:00.0,405,A         ,A         ,N,,Y,ENGLISH, , , , 
135595,19100,"DALLAS-FORT WORTH-ARLINGTON, TX",FORT WORTH,439,TARRANT COUNTY,6700 WEST FWY, ,TX,2160,76116,76116-2160,N,1800-01-01 00:00:00.000,ADJUDICATI,Y,,Y,N,00:00.0,N,N,N,N,N,L,L,N,,Y,,820184434,Y,C,,,,Y,6929,ALBERTSONS,929,ALBERTSONS LLC,2083953954, , , ,4587474,1.01872E+11,,N,Y,CHN,CHAIN RETAIL,8173778452,ALBERTSON'S PHARMACY,8173778078,CRP,0,929,ALBERTSONS LLC,1,40:15.0,6929,ALBERTSONS LLC, ,N,0,ALBERTSONS,N, ,RETAIL,CHAIN RETAIL,Y,37,N, , , , , ,R         ,00:00.0,4286,A         ,A         ,N,,Y,ENGLISH, , , , 
1213780949,44420,"STAUNTON-WAYNESBORO, VA",WAYNESBORO,820,WAYNESBORO CITY,30 EBCO CIR STE 2, ,VA,7374,22980,22980-7374,,1800-01-01 00:00:00.000,Z954916,,,,,00:00.0,N,N,N,N,N,,,,,,,561844651,,,,,,,,, , , , , , ,4849797,1.01044E+11,,,,, ,8002777455,ADVANCED HOME CARE INC,5409323000,,0,0,INDEPENDENTS,1,30:48.0, , , ,N,0,UNDEFINED,N, ,UNDEFINED,UNDEFINED,U,99,N, , , , , ,R         ,00:00.0, ,A         ,          ,N,,,ENGLISH, , , , 
34756, , ,COLDWATER,33,COMANCHE COUNTY,113 EAST MAIN, ,KS,0,67029,67029-0000,Y,1800-01-01 00:00:00.000,ADJUDICATI,Y,,Y,Y,00:00.0,N,N,N,N,N,F,L,N,,Y,,481246685,N,I,,,,Y,0,INDEPENDENTS, , , , , , ,1701920,1.01408E+11,,Y,Y,INDPNDNT, ,6205822920,MAIN STREET PHARMACY,6205822134,CRP,0,0,INDEPENDENTS,1,44:22.0,0, , ,N,0,OTHER,N, ,RETAIL,INDEPENDENTS,N,36,N, , , , , ,R         ,00:00.0, ,A         ,A         ,N,,Y,ENGLISH, , , , 
1028185429,19060,"CUMBERLAND, MD-WV",CUMBERLAND,1,ALLEGANY COUNTY,805 E OLDTOWN RD STE B, ,MD,4053,21502,21502-4053,,1800-01-01 00:00:00.000,Z966920,,,,,00:00.0,N,N,N,N,N,,,,,,,522039583,,,,,,,,, , , , , , ,2139500,1.01357E+11,,,,, ,3017226166,BRIELOFF FOOT CENTERS,3017226166,,0,0,INDEPENDENTS,1,30:48.0, , , ,N,0,UNDEFINED,N, ,UNDEFINED,UNDEFINED,U,99,N, , , , , ,R         ,00:00.0, ,A         ,          ,N,,,ENGLISH, , , , 
1206296211,44140,"SPRINGFIELD, MA",GREENFIELD,11,FRANKLIN COUNTY,1 ARCH PL STE P,SUITE P,MA,2457,1301,01301-2457,Y,1800-01-01 00:00:00.000,ADJUDICATI,N,,Y,N,00:00.0,N,N,N,N,N,F,N,N,,Y,,270556097,N,C,,,,Y,7945,"GENOA, A QOL HEALTHCARE CO LLC", , , , , , ,2247193,1.01337E+11,,N,N,CHN,CHAIN LONG TERM CARE,4137740103,GENOA HEALTHCARE LLC,4133764450,LTCP,0,945,MEDFUSION RX/QOL MEDS,1,40:15.0,7945,"GENOA, A QOL HEALTHCARE CO LLC", ,N,0,GENOA-QOL HEALTHCARE,N, ,HEALTH SYSTEM,PBM/HEALTH PLAN OWNED,N,36,N, , , , , ,R         ,00:00.0,20184,A         ,A         ,N,,Y,ENGLISH, , , , 
1489138318,21340,"EL PASO, TX",EL PASO,141,EL PASO COUNTY,1201 E SCHUSTER AVE STE 4A, ,TX,4646,79902,79902-4646,N,1800-01-01 00:00:00.000,ADJUDICATI,N,,Y,N,00:00.0,N,N,N,N,N,L,N,N,,Y,,920926511,,A,,,,Y,4014,EPIC RX PHARMACY NETWORK INC, , , , , , ,5938874,1.0163E+11,,N,N,INDPNDNT, ,8666350670,CURANT HEALTH EL PASO,6789817454,CRP,0,0,INDEPENDENTS,1,40:15.0,4014,EPIC RX PHARMACY NETWORK INC, ,N,0,EPIC RX PHARMACY NETWORK (VARIOUS PHARMACIES),Y,O,RETAIL,INDEPENDENTS,Y,37,Y,SPANISH, , , , ,R         ,00:00.0,1,A         ,A         ,N,,Y,SPANISH,ENGLISH, , , 
18219,19760,"DE RIDDER, LA",DERIDDER,11,BEAUREGARD PARISH,1125 N PINE ST, ,LA,2819,70634,70634-2819,N,1800-01-01 00:00:00.000,ADJUDICATI,Y,,Y,N,00:00.0,N,N,N,N,N,F,L,N,,Y,,710862119,Y,C,,,,Y,2084,WALMART,229,WALMART STORES INC,4792771242, , , ,1920683,1.01983E+11,,N,Y,CHN,CHAIN RETAIL,3374625796,WALMART PHARMACY,3374625794,CRP,0,229,WALMART,1,40:15.0,2084,WALMART, ,N,0,WALMART,N, ,RETAIL,CHAIN RETAIL,Y,37,N, , , , , ,R         ,00:00.0,10-0505,A         ,A         ,N,,Y,ENGLISH, , , , 
343090188,49620,"YORK-HANOVER, PA",YORK,133,YORK COUNTY,2250 E MARKET ST, ,PA,2857,17402,17402-2857,,1800-01-01 00:00:00.000,Z975225,,,,,00:00.0,N,N,N,N,N,,,,,,,231352222,,,,,,,,, , , , , , ,3999818,1.0168E+11,,,,, ,7178511650,WELLSPAN OCCUPATIONAL HEALTH,7178511633,,0,0,INDEPENDENTS,1,30:48.0, , , ,N,0,UNDEFINED,N, ,UNDEFINED,UNDEFINED,N,36,N, , , , , ,R         ,00:00.0, ,A         ,          ,N,,, , , , , 
14589,25860,"HICKORY-LENOIR-MORGANTON, NC",HICKORY,35,CATAWBA COUNTY,2915 N CENTER ST,,NC,1158,28601,28601-1158,N,1800-01-01 00:00:00.000,ADJUDICATI,Y,,Y,,00:00.0,N,N,N,N,N,L,L,Y,,Y,,361924025,Y,C,,,,Y,1002,WALGREENS,226,WALGREENS DRUG STORE,2177092351, , , ,3440889,1.01397E+11,,N,Y,CHN,CHAIN RETAIL,8283248324,WALGREENS,8283248254,CRP,0,226,WALGREENS CORPORATION,1,30:48.0,1002,WALGREENS CORPORATION,,N,0,WALGREENS,N, ,RETAIL,CHAIN RETAIL,N,36,N, , , , , ,R         ,00:00.0,7646,A         ,A         ,N,,Y,ENGLISH, , , , 
1392229728,12060,"ATLANTA-SANDY SPRINGS-MARIETTA, GA",ATLANTA,121,FULTON COUNTY,1262 W PACES FERRY RD NW, ,GA, ,30327,30327,,1800-01-01 00:00:00.000,Z945730,,,,,00:00.0,N,N,N,N,N,,,,,,,450610466,,,,,,,,, , , , , , ,1175858,1.01115E+11,,,,, ,4042331124,WENDER & ROBERTS WPF LTC,4042377551,,0,0,INDEPENDENTS,1,30:48.0, , , ,N,0,UNDEFINED,N, ,UNDEFINED,UNDEFINED,N,36,N, , , , , ,R         ,00:00.0, ,A         ,          ,N,,,ENGLISH, , , , 
144180,16980,"CHICAGO-NAPERVILLE-JOLIET, IL-IN-WI",LAKE IN THE HIL,111,MCHENRY COUNTY,100 N RANDALL RD, ,IL,4471,60156,60156-4471,N,00:00.0,ADJUDICATI,Y,,Y,N,00:00.0,N,N,N,N,N,L,L,Y,,Y,,362127039,Y,C,,,,Y,1002,WALGREENS,226,WALGREENS DRUG STORE,2177092351, , , ,1466285,1.01973E+11,,N,Y,CHN,CHAIN RETAIL,8476584071,WALGREENS,8476587051,CRP,0,226,WALGREENS CORPORATION,1,40:15.0,1002,WALGREENS CORPORATION, ,N,0,WALGREENS,N, ,RETAIL,CHAIN RETAIL,N,36,N, , , , , ,R         ,00:00.0,3406,A         ,A         ,N,,Y,ENGLISH, , , , 
1014262877,41980,"SAN JUAN-CAGUAS-GUAYNABO, PR",VEGA BAJA,145,VEGA BAJA MUNICIPIO,BO ALMIRANTE NORTE, ,PR, ,693,693,,1800-01-01 00:00:00.000,Z969482,,,,,00:00.0,N,N,N,N,N,,,,,,,660805396,,,,,,,,, , , , , , ,4029054,1.01266E+11,,,,, ,7879170688,FARMACIA ALMIRANTE NORTE INC,7879170663,,0,0,INDEPENDENTS,1,30:48.0, , , ,N,0,UNDEFINED,N, ,UNDEFINED,UNDEFINED,U,99,N, , , , , ,R         ,00:00.0, ,A         ,          ,N,,,SPANISH, , , , 
89162,41860,"SAN FRANCISCO-OAKLAND-FREMONT, CA",OAKLAND,1,ALAMEDA COUNTY,4100 REDWOOD RD, ,CA,2363,94619,94619-2363,N,00:00.0,ADJUDICATI,N,,N,N,00:00.0,N,N,Y,Y,N,L,L,N,,Y,,941059121,Y,C,,,,N,1077,CVS,123,LONGS DRUG STORES CALIFORNIA LLC,4017651500, , , ,509705,1.01356E+11,,N,Y,CHN,CHAIN RETAIL,5105314884,CVS PHARMACY,5105310602,CRP,53933,123,LONGS DRUG STORES,1,40:15.0,2085,LONGS DRUG STORES, ,N,0,CVS RETAIL,N, ,RETAIL,CVS,N,36,N, , , , , ,R         ,00:00.0,9378,A         ,A         ,N,,N, , , , , 
1412708063,17140,"CINCINNATI-MIDDLETOWN, OH-KY-IN",HAMILTON,17,BUTLER COUNTY,6 SOUTH SECOND ST.,SUITE 509,OH,    ,45011,45011,,1800-01-01 00:00:00.000,Z944545,,,,,00:00.0,N,N,N,N,N,,,,,,,863728009,,,,,,,,, , , , , , ,3688946,1.01295E+11,,,,, ,5137373778,OHIO INTAKE PHARMACY LLC,5137373777,,0,0,INDEPENDENTS,1,17:00.0, , , ,N,0,UNDEFINED,N, ,UNDEFINED,UNDEFINED,N,36,N, , , , , ,R         ,00:00.0, ,A         ,          ,N,,,ENGLISH, , , , 
1521959218,19660,"DELTONA-DAYTONA BEACH-ORMOND BEACH, FL",DELTONA,127,VOLUSIA COUNTY,776 DELTONA BLVD, ,FL, ,32725,32725,N,1800-01-01 00:00:00.000,ADJUDICATI,Y,,Y,Y,00:00.0,N,N,N,N,N,F,L,N,,Y,,810753785,,I,,,,Y,0,INDEPENDENTS, , , , , , ,5757399,1.01578E+11,,N,N,INDPNDNT, ,3862599037,IPHARMACY,3862594074,LTCP,0,0,INDEPENDENTS,1,30:48.0,0, , ,N,0,UNDEFINED,N, ,UNDEFINED,UNDEFINED,N,36,N,SPANISH, , , , ,R         ,00:00.0, ,A         ,A         ,N,,Y,ENGLISH, , , , 
62551,15980,"CAPE CORAL-FORT MYERS, FL",FORT MYERS,71,LEE COUNTY,15880 SUMMERLIN RD, ,FL,9612,33908,33908-9612,N,00:00.0,ADJUDICATI,Y,,Y,Y,00:00.0,N,N,N,N,N,N,L,N,,Y,,590324412,Y,C,,,,Y,1118,"PUBLIX SUPER MARKETS, INC.",302,PUBLIX SUPER MARKETS INC,8636881188, , , ,1092737,1.0161E+11,,N,Y,CHN,CHAIN RETAIL,2394331675,PUBLIX PHARMACY,2394331684,CRP,0,302,PUBLIX SUPER MARKETS INC.,1,40:15.0,1118,"PUBLIX SUPER MARKETS, INC.", ,N,0,PUBLIX,N, ,RETAIL,CHAIN RETAIL,Y,37,N,SPANISH, , , , ,R         ,00:00.0,775,A         ,A         ,N,,Y,ENGLISH, , , , 
1011407618,41860,"SAN FRANCISCO-OAKLAND-FREMONT, CA",DALY CITY,81,SAN MATEO COUNTY,1618 SULLIVAN AVE STE 208, ,CA,1968,94015,94015-1968,,1800-01-01 00:00:00.000,Z970006,,,,,00:00.0,N,N,N,N,N,,,,,,,454302838,,,,,,,,, , , , , , ,5653779,1.01437E+11,,,,, ,6509943051,PACIFIC SPINE & JOINT MEDICAL,6509944444,,0,0,INDEPENDENTS,1,30:48.0, , , ,N,0,UNDEFINED,N, ,UNDEFINED,UNDEFINED,U,99,N, , , , , ,R         ,00:00.0, ,A         ,          ,N,,, , , , , 
137389,38900,"PORTLAND-VANCOUVER-BEAVERTON, OR-WA",BATTLE GROUND,11,CLARK COUNTY,808 W MAIN ST STE 101, ,WA,9136,98604,98604-9136,N,00:00.0,ADJUDICATI,Y,,Y,,00:00.0,N,N,N,N,N,L,L,Y,,Y,,361924025,Y,C,,,,Y,1002,WALGREENS,226,WALGREENS DRUG STORE,2177092351, , , ,4930978,1.0173E+11,,N,Y,CHN,CHAIN RETAIL,3606875186,WALGREENS,3606875133,CRP,0,226,WALGREENS CORPORATION,1,40:15.0,1002,WALGREENS CORPORATION, ,N,0,WALGREENS,N, ,RETAIL,CHAIN RETAIL,N,36,N, , , , , ,R         ,00:00.0,1084,A         ,A         ,N,,Y,ENGLISH, , , , 
15935,16980,"CHICAGO-NAPERVILLE-JOLIET, IL-IN-WI",WORTH,31,COOK COUNTY,6430 W 111TH ST,,IL,1636,60482,60482-1636,N,00:00.0,ADJUDICATI,N,,Y,N,00:00.0,N,N,N,N,N,L,L,Y,,Y,,361924025,Y,C,,,,Y,1002,WALGREENS,226,WALGREENS DRUG STORE,2177092351, , , ,1452856,1.01154E+11,,N,Y,CHN,CHAIN RETAIL,7084481939,WALGREENS,7084482540,CRP,0,226,WALGREENS CORPORATION,1,30:48.0,1002,WALGREENS CORPORATION,,N,0,WALGREENS,N, ,RETAIL,CHAIN RETAIL,N,36,N, , , , , ,R         ,00:00.0,5924,A         ,A         ,N,,Y,ENGLISH, , , , 
92670, , ,MERCERSBURG,57,FULTON COUNTY,52 KEEFER DR, ,PA, ,17236,17236,Y,1800-01-01 00:00:00.000,ADJUDICATI,Y,,Y,N,00:00.0,N,N,N,N,N,L,L,Y,,Y,,463537362,N,A,,,,Y,A603,LEADER DRUG STORE INC, , , , , , ,3949887,1.01114E+11,,N,N,INDPNDNT, ,7173280159,MODNUR PRESCRIPTION PHCY INC,7173283612,CRP,394988,0,INDEPENDENTS,1,30:48.0,A603,LEADER DRUG STORE INC, ,N,0,OTHER,N, ,RETAIL,INDEPENDENTS,N,36,N, , , , , ,R         ,00:00.0, ,A         ,A         ,N,,Y,ENGLISH, , , , 
65977,41940,"SAN JOSE-SUNNYVALE-SANTA CLARA, CA",SAN JOSE,85,SANTA CLARA COUNTY,200 JOSE FIGUERES AVE STE 235,,CA,    ,95116,95116,N,1800-01-01 00:00:00.000,ADJUDICATI,N,,Y,N,00:00.0,N,N,N,N,N,F,N,N,,Y,,823516634,N,A,,,,Y,A904,ELEVATE, , , , , , ,5635466,1.01953E+11,,N,N,INDPNDNT, ,4082548885,SAN JOSE PHARMACY,4082548884,CRP,563546, , ,,12:19.0,A904,ELEVATE PROVIDER NETWORK, ,N,0,OTHER,N, ,RETAIL,INDEPENDENTS,N,36,N,HEBREW,OTHER,CHINESE,VIETNAMESE,SPANISH,R         ,00:00.0, ,A         ,A         ,N,,Y,VIETNAMESE,ENGLISH, , , 
1436368804,31100,"LOS ANGELES-LONG BEACH-SANTA ANA, CA",DOWNEY,37,LOS ANGELES COUNTY,11003 LAKEWOOD BLVD STE 101,,CA,3876,90241,90241-3876,N,1800-01-01 00:00:00.000,ADJUDICATI,N,,Y,N,00:00.0,N,N,N,N,N,L,N,N,,Y,,933017144,,A,,,,Y,A904,ELEVATE, , , , , , ,5675787,1.01115E+11,,N,N,INDPNDNT, ,5623810400,ST GEORGE PHARMACY,5623810500,CRP,567578,0,INDEPENDENTS,1,40:15.0,0, ,,N,0,UNDEFINED,N, ,UNDEFINED,UNDEFINED,N,36,N,ARABIC,SPANISH, , , ,R         ,00:00.0, ,A         ,A         ,N,,Y,ARABIC,ENGLISH,ARABIC,SPANISH, 
1074996522,45300,"TAMPA-ST. PETERSBURG-CLEARWATER, FL",WESLEY CHAPEL,101,PASCO COUNTY,2352 BRUCE B DOWNS BLVD 103,SUITE 103,FL,9203,33544,33544,N,1800-01-01 00:00:00.000,ADJUDICATI,N,,N,N,00:00.0,N,N,N,N,N,N,N,N,,Y,,591726273,,A,,,,N,A904,ELEVATE, , , , , , ,5732284,1.01609E+11,,N,N,INDPNDNT, ,8133771672,SCRIPTS PHARMACY,8137513377,CRP,573228,959,JAFFE DRUG STORES INC,1,40:15.0,A904,ELEVATE PROVIDER NETWORK, ,N,0,UNDEFINED,N, ,UNDEFINED,UNDEFINED,N,36,N,SPANISH, , , , ,R         ,00:00.0, ,A         ,A         ,N,,N,ENGLISH,SPANISH, , , 
1023201273,26900,"INDIANAPOLIS-CARMEL, IN",NOBLESVILLE,57,HAMILTON COUNTY,14395 BERGEN BOULEVARD,,IN,    ,46060,46060,,1800-01-01 00:00:00.000,Z967424,,,,,00:00.0,N,N,N,N,N,,,,,,,461177851,,,,,,,,, , , , , , ,1566768,1.01003E+11,,,,, , ,ZEVACOR MOLECULAR,3175781251,,0,0,INDEPENDENTS,1,30:48.0, , , ,N,0,UNDEFINED,N, ,UNDEFINED,UNDEFINED,U,99,N, , , , , ,R         ,00:00.0, ,A         ,          ,N,,,ENGLISH, , , , 
120770,19820,"DETROIT-WARREN-LIVONIA, MI",DEARBORN,163,WAYNE COUNTY,13601 W WARREN AVE,,MI,1420,48126,48126-1420,N,1800-01-01 00:00:00.000,ADJUDICATI,Y,,Y,N,00:00.0,N,N,N,N,N,L,L,Y,,Y,,361924025,Y,C,,,,Y,1002,WALGREENS,226,WALGREENS DRUG STORE,2177092351, , , ,2360395,1.0162E+11,,N,Y,CHN,CHAIN RETAIL,3136249614,WALGREENS,3136249530,CRP,0,226,WALGREENS CORPORATION,1,30:48.0,1002,WALGREENS CORPORATION,,N,0,WALGREENS,N, ,RETAIL,CHAIN RETAIL,N,36,N, , , , , ,R         ,00:00.0,5032,A         ,A         ,N,,Y,ENGLISH, , , , 
140693,12580,"BALTIMORE-TOWSON, MD",GLEN BURNIE,3,ANNE ARUNDEL COUNTY,7940 CRAIN HWY S,,MD,4932,21061,21061-4932,N,00:00.0,ADJUDICATI,Y,,Y,N,00:00.0,N,N,N,N,N,L,L,N,,Y,,522179343,N,C,,,,Y,2109,AHOLD,289,STOP AND SHOP PHARMACY,2078857454, , , ,2106094,1.01014E+11,,N,Y,CHN,CHAIN RETAIL,4109695877,GIANT PHARMACY,4109693030,CRP,0,289,STOP AND SHOP PHARMACIES,1,30:48.0,1007,GIANT FOOD OF MARYLAND,,N,0,GIANT PHARMACY,N, ,RETAIL,CHAIN RETAIL,N,36,N, , , , , ,R         ,00:00.0,141,A         ,A         ,N,,Y,ENGLISH, , , , 
985025329,25860,"HICKORY-LENOIR-MORGANTON, NC",HICKORY,35,CATAWBA COUNTY,483 US HIGHWAY 70 SW,,NC,5019,28602,28602-5019,N,1800-01-01 00:00:00.000,ADJUDICATI,Y,,Y,N,00:00.0,N,N,N,N,N,F,L,Y,,Y,,710862119,Y,C,,,,Y,2084,WALMART,229,WALMART STORES INC,4792771242, , , ,3463837,1.01326E+11,,N,Y,CHN,CHAIN RETAIL,8286396062,WALMART PHARMACY,8286396061,CRP,0,229,WALMART,1,40:15.0,2084,WALMART, ,N,0,WALMART,N, ,RETAIL,CHAIN RETAIL,Y,37,N, , , , , ,R         ,00:00.0,Oct-15,A         ,A         ,N,,Y,ENGLISH, , , , 
1388896462,19740,"DENVER-AURORA, CO",LITTLETON,5,ARAPAHOE COUNTY,2 W DRY CREEK CIR, ,CO, ,80120,80120,,1800-01-01 00:00:00.000,Z945921,,,,,00:00.0,N,N,N,N,N,,,,,,,453449075,,,,,,,,, , , , , , ,627351,1.01184E+11,,,,, ,9706285000,PALADINA HEALTH - LITTLETON,7204187196,,0,0,INDEPENDENTS,1,30:48.0, , , ,N,0,UNDEFINED,N, ,UNDEFINED,UNDEFINED,N,36,N, , , , , ,R         ,00:00.0, ,A         ,          ,N,,,ENGLISH, , , , 
1437189233,35620,"NEW YORK-NORTHERN NEW JERSEY-LONG ISLAND, NY-NJ-PA",NEW YORK,61,NEW YORK COUNTY,2062 2ND AVE, ,NY,4704,10029,10029-4704,N,1800-01-01 00:00:00.000,ADJUDICATI,N,,Y,N,00:00.0,N,N,N,N,N,F,L,N,,Y,,862218600,,A,,,,Y,4014,EPIC RX PHARMACY NETWORK INC, , , , , , ,5834420,1.01306E+11,,N,N,INDPNDNT, ,2124106064,DRUG STOP PHARMACY,2124100509,CRP,582483,0,INDEPENDENTS,1,02:20.0,4014,EPIC RX PHARMACY NETWORK INC, ,N,0,EPIC RX PHARMACY NETWORK (VARIOUS PHARMACIES),Y,O,RETAIL,INDEPENDENTS,N,36,Y,SPANISH, , , , ,R         ,00:00.0, ,A         ,A         ,N,,Y,ENGLISH,SPANISH, , , 
125134,41860,"SAN FRANCISCO-OAKLAND-FREMONT, CA",REDWOOD CITY,81,SAN MATEO COUNTY,850 WOODSIDE RD,,CA,3746,94061,94061-3746,N,00:00.0,ADJUDICATI,Y,,Y,,00:00.0,N,N,N,N,N,L,L,N,,Y,,943019135,N,C,,,,Y,2000,SAFEWAY,400,SAFEWAY INC,2083953954, , , ,545410,1.01639E+11,,N,Y,CHN,CHAIN RETAIL,6503654992,SAFEWAY PHARMACY,6503653682,CRP,0,400,SAFEWAY STORES INC,1,30:48.0,2051,SAFEWAY STORES INC/N CAL DIV,,N,0,ALBERTSONS,N, ,RETAIL,CHAIN RETAIL,Y,37,N, , , , , ,R         ,00:00.0,747,A         ,A         ,N,,Y,ENGLISH, , , , 
1181497661,28940,"KNOXVILLE, TN",LOUDON,105,LOUDON COUNTY,2111 HIGHWAY 72 N, ,TN,5719,37774,37774,N,1800-01-01 00:00:00.000,ADJUDICATI,N,,Y,N,00:00.0,N,N,N,N,N,L,L,Y,,Y,,361924025,Y,C,,,,Y,1002,WALGREENS,226,WALGREENS DRUG STORE,2177092351, , , ,4450211,1.01943E+11,,N,Y,CHN,CHAIN RETAIL,8654589241,WALGREENS,8654589938,CRP,441994,226,WALGREENS CORPORATION,1,40:15.0,1002,WALGREENS CORPORATION, ,N,0,WALGREENS,N, ,RETAIL,CHAIN RETAIL,N,36,N, , , , , ,R         ,00:00.0,19231,A         ,A         ,N,,Y,ENGLISH, , , , 
985024389,33100,"MIAMI-FORT LAUDERDALE-POMPANO BEACH, FL",MIAMI,86,MIAMI-DADE COUNTY,2500 SW 107TH AVE STE 30,,FL,2492,33165,33165-2492,,1800-01-01 00:00:00.000,Z971393,,,,,00:00.0,N,N,N,N,N,,,,,,,465258390,,,,,,,,, , , , , , ,5722752,1.01771E+11,,,,, ,7865425934,CECILIA'S PHARMACY INC,7865425893,,0,0,INDEPENDENTS,1,30:48.0, , ,,N,0,UNDEFINED,N, ,UNDEFINED,UNDEFINED,U,99,N, , , , , ,R         ,00:00.0, ,A         ,          ,N,,, , , , , 
79864,44140,"SPRINGFIELD, MA",HOLYOKE,13,HAMPDEN COUNTY,230 MAPLE ST,,MA,5124,1040,01040-5124,Y,1800-01-01 00:00:00.000,ADJUDICATI,Y,,Y,Y,00:00.0,N,N,N,N,N,C,L,N,,Y,,42492730,Y,A,,,,Y,A605,STRATEGIC HEALTH ALLIANCE, , , , , , ,2238625,1.01478E+11,,N,N,INDPNDNT, ,4135334571,HOLYOKE HEALTH CENTER PHARMACY,4134206210,CRP,223862, , ,,40:17.0,A605,HEALTH MART ATLAS,,N,0,OTHER,N, ,RETAIL,INDEPENDENTS,Y,38,N,SPANISH, , , , ,R         ,00:00.0, ,A         ,A         ,N,,Y,ENGLISH,SPANISH, , , 
20034,37860,"PENSACOLA-FERRY PASS-BRENT, FL",NAVARRE,113,SANTA ROSA COUNTY,8244 NAVARRE PKWY, ,FL,6943,32566,32566-6943,N,1800-01-01 00:00:00.000,ADJUDICATI,Y,,Y,Y,00:00.0,N,N,N,N,N,N,L,N,,Y,,590324412,Y,C,,,,Y,1118,"PUBLIX SUPER MARKETS, INC.",302,PUBLIX SUPER MARKETS INC,8636881188, , , ,1001217,1.01519E+11,,N,Y,CHN,CHAIN RETAIL,8505150989,PUBLIX PHARMACY,8505150990,CRP,0,302,PUBLIX SUPER MARKETS INC.,1,40:15.0,1118,"PUBLIX SUPER MARKETS, INC.", ,N,0,PUBLIX,N, ,RETAIL,CHAIN RETAIL,Y,37,N, , , , , ,R         ,00:00.0,896,A         ,A         ,N,,Y,ENGLISH, , , , 
100847,49100,"WINONA, MN",WINONA,169,WINONA COUNTY,750 MANKATO AVE, ,MN,4829,55987,55987-4829,N,1800-01-01 00:00:00.000,ADJUDICATI,Y,,Y,,00:00.0,N,N,N,N,N,L,L,Y,,Y,,361924025,Y,C,,,,Y,1002,WALGREENS,226,WALGREENS DRUG STORE,2177092351, , , ,2426129,1.01296E+11,,N,Y,CHN,CHAIN RETAIL,5074524085,WALGREENS,5074524076,CRP,0,226,WALGREENS CORPORATION,1,30:48.0,1002,WALGREENS CORPORATION, ,N,0,WALGREENS,N, ,RETAIL,CHAIN RETAIL,N,36,N, , , , , ,R         ,00:00.0,7727,A         ,A         ,N,,Y,ENGLISH, , , , 
42771,34900,"NAPA, CA",YOUNTVILLE,55,NAPA COUNTY,123 CALIFORNIA DRIVE, ,CA, ,94599,94599,Y,1800-01-01 00:00:00.000,ADJUDICATI,N,,Y,N,00:00.0,N,N,N,N,N,N,N,N,,Y,,946038157,N,I,,,,Y,0,INDEPENDENTS, , , , , , ,568533,1.01387E+11,,N,N,GOVT, ,7079444628,VETERANS HOME OF CA,7079441082,CRP,0,0,INDEPENDENTS,1,30:48.0,0, , ,N,0,OTHER,N, ,RETAIL,INDEPENDENTS,N,36,N, , , , , ,R         ,00:00.0, ,A         ,A         ,N,,N,SPANISH,ENGLISH, , , 
58656,35740,"NORFOLK, NE",NORFOLK,119,MADISON COUNTY,1001 W BENJAMIN AVE, ,NE,2804,68701,68701-2804,N,1800-01-01 00:00:00.000,ADJUDICATI,Y,,Y,Y,00:00.0,N,N,N,N,N,L,L,Y,,Y,,611546079,N,A,,,,Y,A605,STRATEGIC HEALTH ALLIANCE, , , , , , ,2817154,1.01215E+11,,N,Y,INDPNDNT, ,4023711200,U SAVE PHARMACY,4023798728,CRP,0, , ,,01:30.0,A605,HEALTH MART ATLAS, ,N,0,OTHER,N, ,RETAIL,INDEPENDENTS,Y,37,N,SPANISH, , , , ,R         ,00:00.0, ,A         ,A         ,N,,Y,ENGLISH,SPANISH, , , 
1571434864,35620,"NEW YORK-NORTHERN NEW JERSEY-LONG ISLAND, NY-NJ-PA",REGO PARK,81,QUEENS COUNTY,9777 QUEENS BLVD, ,NY,3335,11374,11374-3335,,1800-01-01 00:00:00.000,Z929347,,,,,00:00.0,N,N,N,N,N,,,,,,, ,,,,,,,,, , , , , , ,5847833,1.01589E+11,,,,, , ,VERA 2 RX PHARMACY, ,,0,0,INDEPENDENTS,1,35:08.0, , , ,N,0,UNDEFINED,N, ,UNDEFINED,UNDEFINED,N,36,N, , , , , ,R         ,00:00.0, ,A         ,          ,N,,, , , , , 
982511798,30780,"LITTLE ROCK-NORTH LITTLE ROCK-CONWAY, AR",SHERWOOD,119,PULASKI COUNTY,8730 BROCKINGTON RD, ,AR,3542,72120,72120,N,1800-01-01 00:00:00.000,ADJUDICATI,Y,,Y,N,00:00.0,N,N,N,N,N,F,N,Y,,Y,,352492789,Y,C,,,,Y,7012,EXPRESS RX,C12,EXPRESS RX,8555539777, , , ,424844,1.01064E+11,,N,N,INDPNDNT, ,5018196303,EXPRESS RX OF SHERWOOD,5018196300,CRP,0,7012,EXPRESS RX,1,40:15.0,7012,EXPRESS RX, ,N,0,OTHER,N, ,RETAIL,INDEPENDENTS,N,36,N, , , , , ,R         ,00:00.0, ,A         ,A         ,N,,Y,ENGLISH, , , , 
1079194507,11260,"ANCHORAGE, AK",WASILLA,170,MATANUSKA-SUSITNA BOROUGH,3831 E BLUE LUPINE DR STE A,SUITE A,AK, ,99654,99654,N,1800-01-01 00:00:00.000,ADJUDICATI,N,,N,N,00:00.0,N,N,N,N,N,C,N,Y,,Y,,820793753,N,A,,,,Y,A904,ELEVATE, , , , , , ,228583,1.01539E+11,,N,N,INDPNDNT, ,9073765710,OUR DOCTORS PHARMACY,9073765700,CRP,0,0,INDEPENDENTS,1,40:15.0,A904,ELEVATE PROVIDER NETWORK, ,N,0,OTHER,N, ,RETAIL,INDEPENDENTS,N,36,N, , , , , ,R         ,00:00.0, ,A         ,A         ,N,,Y,ENGLISH, , , , 
1116688301, , ,COLUMBUS,89,COLORADO COUNTY,109 SHULT DR STE F, ,TX, ,78934,78934,N,1800-01-01 00:00:00.000,ADJUDICATI,N,,Y,N,00:00.0,N,N,N,N,N,F,N,Y,,Y,,820985734,N,A,,,,Y,A605,STRATEGIC HEALTH ALLIANCE, , , , , , ,5921867,1.01458E+11,,N,N,INDPNDNT, ,9795004196,COLUMBUS PHARMACY,9795004191,CRP,0,0,INDEPENDENTS,1,01:30.0,A605,HEALTH MART ATLAS, ,N,0,UNDEFINED,N, ,UNDEFINED,UNDEFINED,N,36,N,SPANISH, , , , ,R         ,00:00.0, ,A         ,A         ,N,,Y,ENGLISH,SPANISH, , , 
1101553958,26900,"INDIANAPOLIS-CARMEL, IN",INDIANAPOLIS,97,MARION COUNTY,5630 W 86TH ST STE 150, ,IN,2023,46278,46278-2023,,1800-01-01 00:00:00.000,Z961153,,,,,00:00.0,N,N,N,N,N,,,,,,,271353079,,,,,,,,, , , , , , ,1568178,1.01386E+11,,,,, ,3173533462,MYCLINIC @ TRADERS POINT,3175592300,,0,0,INDEPENDENTS,1,30:48.0, , , ,N,0,UNDEFINED,N, ,UNDEFINED,UNDEFINED,N,36,N, , , , , ,R         ,00:00.0, ,A         ,          ,N,,, , , , , 
102927,,,CATSKILL,39,GREENE COUNTY,30 CATSKILL CMNS,,NY,1755,12414,12414-1755,N,1800-01-01 00:00:00.000,ADJUDICATI,Y,,Y,,00:00.0,N,N,N,N,N,C,L,N,,Y,,710862119,Y,C,,,,Y,2084,WALMART,229,WALMART STORES INC,4792771242, , , ,3352591,1.01882E+11,,N,Y,CHN,CHAIN RETAIL,5189439590,WALMART PHARMACY,5189439584,CRP,0,229,WALMART,1,07:08.0,2084,WALMART,,N,0,WALMART,N, ,RETAIL,CHAIN RETAIL,Y,37,N, , , , , ,R         ,00:00.0,Oct-51,A         ,A         ,N,,Y,ENGLISH, , , , 
306382687,19820,"DETROIT-WARREN-LIVONIA, MI",SOUTHFIELD,125,OAKLAND COUNTY,29355 NORTHWESTERN HWY STE 220, ,MI,1051,48034,48034-1051,Y,1800-01-01 00:00:00.000,ADJUDICATI,N,,Y,Y,00:00.0,N,N,N,N,N,L,L,N,,Y,,454669783,N,A,,,,Y,A904,ELEVATE, , , , , , ,2377302,1.01488E+11,,N,N,INDPNDNT, ,2487993992,GRANT PHARMACY,2487993900,CRP,0,0,INDEPENDENTS,1,30:48.0,A904,ELEVATE PROVIDER NETWORK, ,N,0,OTHER,N, ,RETAIL,INDEPENDENTS,N,36,N,HINDI, , , , ,R         ,00:00.0, ,A         ,A         ,N,,Y,ENGLISH, , , , 
1523370075,21380,"EMPORIA, KS",COTTONWOOD FALLS,17,CHASE COUNTY,211 BROADWAY ST,,KS,9728,66845,66845-9728,,1800-01-01 00:00:00.000,Z934745,,,,,00:00.0,N,N,N,N,N,,,,,,,990440876,,,,,,,,, , , , , , ,1724322,1.01529E+11,,,,, ,6202206162,CHASE COUNTY PHARMACY LTC,6202206161,,0,0,INDEPENDENTS,1,50:31.0, , , ,N,0,UNDEFINED,N, ,UNDEFINED,UNDEFINED,N,36,N, , , , , ,R         ,00:00.0, ,A         ,          ,N,,,ENGLISH, , , , 
1376450082,29460,"LAKELAND, FL",DAVENPORT,105,POLK COUNTY,109 PARK PLACE BLVD SUITE A, ,FL, ,33837,33837,N,1800-01-01 00:00:00.000,ADJUDICATI,Y,,Y,N,00:00.0,N,N,N,N,N,F,N,Y,,Y,,271979594,,A,,,,Y,A603,LEADER DRUG STORE INC, , , , , , ,5745495,1.01609E+11,,N,N,INDPNDNT, ,8635479954,FIRST CHOICE SPECIALTY PHCY,8635479944,CRP,0,0,INDEPENDENTS,1,05:00.0,A603,LEADER DRUG STORE INC, ,N,0,UNDEFINED,N, ,UNDEFINED,UNDEFINED,N,36,N,SPANISH, , , , ,R         ,00:00.0, ,A         ,A         ,N,,Y,FRENCH,ENGLISH,SPANISH, , 
1033387636,25060,"GULFPORT-BILOXI, MS",GULFPORT,47,HARRISON COUNTY,1733 E PASS RD,,MS,3529,39507,39507-3529,N,1800-01-01 00:00:00.000,ADJUDICATI,Y,,Y,N,00:00.0,N,N,N,N,N,F,L,Y,,Y,,710862119,Y,C,,,,Y,2084,WALMART,229,WALMART STORES INC,4792771242, , , ,2590520,1.01731E+11,,N,Y,CHN,CHAIN RETAIL,2282843689,WALMART PHARMACY,2282846990,CRP,0,229,WALMART,1,40:15.0,2084,WALMART, ,N,0,WALMART,N, ,RETAIL,CHAIN RETAIL,Y,37,N, , , , , ,R         ,00:00.0,Oct-65,A         ,A         ,N,,Y,ENGLISH, , , , 
45238,18140,"COLUMBUS, OH",WESTERVILLE,41,DELAWARE COUNTY,7345 STATE ROUTE 3, ,OH,8654,43082,43082-8654,N,1800-01-01 00:00:00.000,ADJUDICATI,Y,,Y,,00:00.0,N,N,N,N,N,N,L,Y,,Y,,310345740,Y,C,,,,Y,1029,KROGER,113,THE KROGER CO,5137627083, , , ,3662156,1.0172E+11,,N,Y,CHN,CHAIN RETAIL,6148390276,KROGER PHARMACY,6147945550,CRP,0,113,KROGER COMPANY-KROGER EAST,1,40:15.0,1029,KROGER COMPANY/CINCINNATI DIV, ,N,0,KROGER,N, ,RETAIL,CHAIN RETAIL,N,36,N, , , , , ,R         ,00:00.0,16847,A         ,A         ,N,,Y,ENGLISH, , , , 
