GPI_CD,Related_BN,Related_SCDC,Related_DF,NDC,BRND_GNRC_CD,DRUG_BRND_NM,GNRC_NM,MDDB_DRUG_LBL_NM,DRUG_STRGH_NBR,DRUG_STRGH_NM,DRUG_STRGH_UNT_CD,DRUG_LBL_NM,DSG_FORM_ABBR_NM,GPI_CLS_NM,Drug_SubBrnd_NM,VACCINE_YN
1.10001E+12,NULL,NULL,INJECTABLE SOLUTION,44567031201,GNRC,PENICILLIN,PENICILLIN G POTASSIUM,PENICILLN GK INJ 20MU,20000000,20MU,NULL,PENICILLN GK INJ 20MU,INJ,NATURAL PENICILLINS,PENICILLIN G POTASSIUM,N
1.10001E+12,NULL,NULL,INJECTION,338102341,GNRC,PENICILLIN,PENICILLIN G POT IN DEXTROSE,PEN GK/DEXTR INJ 40000/ML,0,40000/ML,NULL,PEN GK/DEXTR INJ 40000/ML,INJ,NATURAL PENICILLINS,PENICILLIN G POTASSIUM IN,N
1.10001E+12,NULL,NULL,INJECTION,338102541,GNRC,PENICILLIN,PENICILLIN G POT IN DEXTROSE,PEN GK/DEXTR INJ 60000/ML,0,60000/ML,NULL,PEN GK/DEXTR INJ 60000/ML,INJ,NATURAL PENICILLINS,PENICILLIN G POTASSIUM IN,N
1.10001E+12,NULL,NULL,INJECTABLE SOLUTION,781615395,GNRC,PENICILLIN,PENICILLIN G SODIUM,PEN G SODIUM INJ 5000000,5000000,5000000,NULL,PEN G SODIUM INJ 5000000,INJ,NATURAL PENICILLINS,PENICILLIN G SODIUM,N
0110002000E610,BICILLIN L-A,NULL,PREFILLED SYRINGE,60793070010,BRND,BICILLIN,PENICILLIN G BENZATHINE,BICILLIN L-A INJ 600000,600000,600000,NULL,BICILLIN L-A INJ 600000,INJ,NATURAL PENICILLINS,BICILLIN L-A,N
0110002000E620,BICILLIN L-A,NULL,PREFILLED SYRINGE,60793070210,BRND,BICILLIN,PENICILLIN G BENZATHINE,BICILLIN L-A INJ 2400000,2400000,2400000,NULL,BICILLIN L-A INJ 2400000,INJ,NATURAL PENICILLINS,BICILLIN L-A,N
0110002000E630,BICILLIN L-A,NULL,PREFILLED SYRINGE,60793070110,BRND,BICILLIN,PENICILLIN G BENZATHINE,BICILLIN L-A INJ 1200000,1200000,1200000,NULL,BICILLIN L-A INJ 1200000,INJ,NATURAL PENICILLINS,BICILLIN L-A,N
1.10004E+12,NULL,NULL,ORAL TABLET,57237004001,GNRC,PENICILLIN,PENICILLIN V POTASSIUM,PENICILLN VK TAB 250MG,250,250MG,NULL,PENICILLN VK TAB 250MG,TAB,NATURAL PENICILLINS,PENICILLIN V POTASSIUM,N
1.10004E+12,NULL,NULL,ORAL TABLET,57237004105,GNRC,PENICILLIN,PENICILLIN V POTASSIUM,PENICILLN VK TAB 500MG,500,500MG,NULL,PENICILLN VK TAB 500MG,TAB,NATURAL PENICILLINS,PENICILLIN V POTASSIUM,N
1.10004E+12,NULL,NULL,ORAL SOLUTION,93412573,GNRC,PENICILLIN,PENICILLIN V POTASSIUM,PENICILLN VK SOL 125/5ML,125,125/5ML,NULL,PENICILLN VK SOL 125/5ML,SOL,NATURAL PENICILLINS,PENICILLIN V POTASSIUM,N
1.10004E+12,NULL,NULL,ORAL SOLUTION,93412773,GNRC,PENICILLIN,PENICILLIN V POTASSIUM,PENICILLN VK SOL 250/5ML,250,250/5ML,NULL,PENICILLN VK SOL 250/5ML,SOL,NATURAL PENICILLINS,PENICILLIN V POTASSIUM,N
1.20001E+12,NULL,NULL,ORAL CAPSULE,65862001605,GNRC,AMOXICILLIN,AMOXICILLIN,AMOXICILLIN CAP 250MG,250,250MG,NULL,AMOXICILLIN CAP 250MG,CAP,AMINOPENICILLINS,AMOXICILLIN,N
1.20001E+12,NULL,NULL,ORAL CAPSULE,781261305,GNRC,AMOXICILLIN,AMOXICILLIN,AMOXICILLIN CAP 500MG,500,500MG,NULL,AMOXICILLIN CAP 500MG,CAP,AMINOPENICILLINS,AMOXICILLIN,N
1.20001E+12,NULL,NULL,ORAL TABLET,57237002801,GNRC,AMOXICILLIN,AMOXICILLIN,AMOXICILLIN TAB 500MG,500,500MG,NULL,AMOXICILLIN TAB 500MG,TAB,AMINOPENICILLINS,AMOXICILLIN,N
1.20001E+12,NULL,NULL,ORAL TABLET,65862001501,GNRC,AMOXICILLIN,AMOXICILLIN,AMOXICILLIN TAB 875MG,875,875MG,NULL,AMOXICILLIN TAB 875MG,TAB,AMINOPENICILLINS,AMOXICILLIN,N
1.20001E+12,NULL,NULL,CHEWABLE TABLET,93226701,GNRC,AMOXICILLIN,AMOXICILLIN,AMOXICILLIN CHW 125MG,125,125MG,NULL,AMOXICILLIN CHW 125MG,CHW,AMINOPENICILLINS,AMOXICILLIN,N
1.20001E+12,NULL,NULL,CHEWABLE TABLET,93226801,GNRC,AMOXICILLIN,AMOXICILLIN,AMOXICILLIN CHW 250MG,250,250MG,NULL,AMOXICILLIN CHW 250MG,CHW,AMINOPENICILLINS,AMOXICILLIN,N
1.20001E+12,NULL,NULL,ORAL SUSPENSION,143988815,GNRC,AMOXICILLIN,AMOXICILLIN,AMOXICILLIN SUS 125/5ML,125,125/5ML,NULL,AMOXICILLIN SUS 125/5ML,SUS,AMINOPENICILLINS,AMOXICILLIN,N
1.20001E+12,NULL,NULL,ORAL SUSPENSION,143988601,GNRC,AMOXICILLIN,AMOXICILLIN,AMOXICILLIN SUS 200/5ML,200,200/5ML,NULL,AMOXICILLIN SUS 200/5ML,SUS,AMINOPENICILLINS,AMOXICILLIN,N
1.20001E+12,NULL,NULL,ORAL SUSPENSION,143988915,GNRC,AMOXICILLIN,AMOXICILLIN,AMOXICILLIN SUS 250/5ML,250,250/5ML,NULL,AMOXICILLIN SUS 250/5ML,SUS,AMINOPENICILLINS,AMOXICILLIN,N
1.20001E+12,NULL,NULL,ORAL SUSPENSION,143988701,GNRC,AMOXICILLIN,AMOXICILLIN,AMOXICILLIN SUS 400/5ML,400,400/5ML,NULL,AMOXICILLIN SUS 400/5ML,SUS,AMINOPENICILLINS,AMOXICILLIN,N
1.20002E+12,NULL,NULL,ORAL CAPSULE,781214501,GNRC,AMPICILLIN,AMPICILLIN,AMPICILLIN CAP 500MG,500,500MG,NULL,AMPICILLIN CAP 500MG,CAP,AMINOPENICILLINS,AMPICILLIN,N
1.20002E+12,NULL,NULL,INJECTION,55150011310,GNRC,AMPICILLIN,AMPICILLIN SODIUM,AMPICILLIN INJ 1GM,1,1GM,NULL,AMPICILLIN INJ 1GM,INJ,AMINOPENICILLINS,AMPICILLIN SODIUM,N
1.20002E+12,NULL,NULL,INJECTABLE SOLUTION,44567010401,GNRC,AMPICILLIN,AMPICILLIN SODIUM,AMPICILLIN INJ 10GM,10,10GM,NULL,AMPICILLIN INJ 10GM,INJ,AMINOPENICILLINS,AMPICILLIN SODIUM,N
1.30002E+12,NULL,NULL,ORAL CAPSULE,93312301,GNRC,DICLOXACILLIN,DICLOXACILLIN SODIUM,DICLOXACILL CAP 250MG,250,250MG,NULL,DICLOXACILL CAP 250MG,CAP,PENICILLINASE-RESISTANT PENICILLINS,DICLOXACILLIN SODIUM,N
1.30002E+12,NULL,NULL,ORAL CAPSULE,93312501,GNRC,DICLOXACILLIN,DICLOXACILLIN SODIUM,DICLOXACILL CAP 500MG,500,500MG,NULL,DICLOXACILL CAP 500MG,CAP,PENICILLINASE-RESISTANT PENICILLINS,DICLOXACILLIN SODIUM,N
1.30004E+12,NULL,NULL,INJECTION,55150012215,GNRC,NAFCILLIN,NAFCILLIN SODIUM,NAFCILLIN INJ 1GM,1,1GM,NULL,NAFCILLIN INJ 1GM,INJ,PENICILLINASE-RESISTANT PENICILLINS,NAFCILLIN SODIUM,N
1.30004E+12,NULL,NULL,INJECTION,63323032820,GNRC,NAFCILLIN,NAFCILLIN SODIUM,NAFCILLIN INJ 2GM,2,2GM,NULL,NAFCILLIN INJ 2GM,INJ,PENICILLINASE-RESISTANT PENICILLINS,NAFCILLIN SODIUM,N
1.30004E+12,NULL,NULL,INJECTABLE SOLUTION,44567022301,GNRC,NAFCILLIN,NAFCILLIN SODIUM,NAFCILLIN INJ 10GM,10,10GM,NULL,NAFCILLIN INJ 10GM,INJ,PENICILLINASE-RESISTANT PENICILLINS,NAFCILLIN SODIUM,N
1.30005E+12,NULL,NULL,INJECTION,64679069801,GNRC,OXACILLIN,OXACILLIN SODIUM,OXACILLIN INJ 1GM,1,1GM,NULL,OXACILLIN INJ 1GM,INJ,PENICILLINASE-RESISTANT PENICILLINS,OXACILLIN SODIUM,N
1.30005E+12,NULL,NULL,INJECTION,63323081220,GNRC,OXACILLIN,OXACILLIN SODIUM,OXACILLIN INJ 2GM,2,2GM,NULL,OXACILLIN INJ 2GM,INJ,PENICILLINASE-RESISTANT PENICILLINS,OXACILLIN SODIUM,N
1.30005E+12,NULL,NULL,NULL,25021016399,GNRC,OXACILLIN,OXACILLIN SODIUM,OXACILLIN INJ 10GM,10,10GM,NULL,OXACILLIN INJ 10GM,INJ,PENICILLINASE-RESISTANT PENICILLINS,OXACILLIN SODIUM,N
1.30005E+12,NULL,NULL,INJECTABLE SOLUTION,63323081100,GNRC,OXACILLIN,OXACILLIN SODIUM,OXACILLIN INJ 10GM,10,10GM,NULL,OXACILLIN INJ 10GM,INJ,PENICILLINASE-RESISTANT PENICILLINS,OXACILLIN SODIUM,N
1.30005E+12,NULL,NULL,INJECTION,338101541,GNRC,OXACILLIN,OXACILLIN SODIUM IN DEXTROSE,OXACILLIN INJ 2GM,0,2GM,NULL,OXACILLIN INJ 2GM,INJ,PENICILLINASE-RESISTANT PENICILLINS,OXACILLIN SODIUM,N
1.99E+12,BICILLIN,NULL,PREFILLED SYRINGE,60793060010,BRND,BICILLIN,PENICILLIN G BENZATHINE & PROCAINE,BICILLIN C-R INJ 1200000,0,1200000,NULL,BICILLIN C-R INJ 1200000,INJ,PENICILLIN COMBINATIONS,BICILLIN C-R,N
1.99E+12,BICILLIN,NULL,PREFILLED SYRINGE,60793060210,BRND,BICILLIN,PENICILLIN G BENZATHINE & PROCAINE,BICILLIN C-R INJ 900/300,0,900/300,NULL,BICILLIN C-R INJ 900/300,INJ,PENICILLIN COMBINATIONS,BICILLIN C-R,N
1.99E+12,NULL,NULL,ORAL TABLET,781187431,GNRC,AMOXICILLIN,AMOXICILLIN & POT CLAVULANATE,AMOX/K CLAV TAB 250-125,0,250-125,NULL,AMOX/K CLAV TAB 250-125,TAB,PENICILLIN COMBINATIONS,AMOXICILLIN/CLAVULANATE P,N
1.99E+12,NULL,NULL,ORAL TABLET,65862050220,GNRC,AMOXICILLIN,AMOXICILLIN & POT CLAVULANATE,AMOX/K CLAV TAB 500-125,0,500-125,NULL,AMOX/K CLAV TAB 500-125,TAB,PENICILLIN COMBINATIONS,AMOXICILLIN/CLAVULANATE P,N
1.99E+12,NULL,NULL,ORAL TABLET,65862050320,GNRC,AMOXICILLIN,AMOXICILLIN & POT CLAVULANATE,AMOX/K CLAV TAB 875-125,0,875-125,NULL,AMOX/K CLAV TAB 875-125,TAB,PENICILLIN COMBINATIONS,AMOXICILLIN/CLAVULANATE P,N
1.99E+12,AUGMENTIN,NULL,ORAL SUSPENSION,28595024035,BRND,AUGMENTIN,AMOXICILLIN & POT CLAVULANATE,AUGMENTIN SUS 125/5ML,0,125/5ML,NULL,AUGMENTIN SUS 125/5ML,SUS,PENICILLIN COMBINATIONS,AUGMENTIN,N
1.99E+12,NULL,NULL,ORAL SUSPENSION,781610246,GNRC,AMOXICILLIN,AMOXICILLIN & POT CLAVULANATE,AMOX/K CLAV SUS 200/5ML,0,200/5ML,NULL,AMOX/K CLAV SUS 200/5ML,SUS,PENICILLIN COMBINATIONS,AMOXICILLIN/CLAVULANATE P,N
1.99E+12,NULL,NULL,ORAL SUSPENSION,59651002601,GNRC,AMOXICILLIN,AMOXICILLIN & POT CLAVULANATE,AMOX/K CLAV SUS 250/5ML,0,250/5ML,NULL,AMOX/K CLAV SUS 250/5ML,SUS,PENICILLIN COMBINATIONS,AMOXICILLIN/CLAVULANATE P,N
1.99E+12,NULL,NULL,ORAL SUSPENSION,65862053401,GNRC,AMOXICILLIN,AMOXICILLIN & POT CLAVULANATE,AMOX/K CLAV SUS 400/5ML,0,400/5ML,NULL,AMOX/K CLAV SUS 400/5ML,SUS,PENICILLIN COMBINATIONS,AMOXICILLIN/CLAVULANATE P,N
1.99E+12,NULL,NULL,ORAL SUSPENSION,781613954,GNRC,AMOXICILLIN,AMOXICILLIN & POT CLAVULANATE,AMOX/K CLAV SUS 600/5ML,0,600/5ML,NULL,AMOX/K CLAV SUS 600/5ML,SUS,PENICILLIN COMBINATIONS,AMOXICILLIN/CLAVULANATE P,N
1.99E+12,AUGMENTIN,NULL,ORAL SUSPENSION,81964000354,BRND,AUGMENTIN,AMOXICILLIN & POT CLAVULANATE,AUGMENTIN SUS ES-600,0,ES-600,NULL,AUGMENTIN SUS ES-600,SUS,PENICILLIN COMBINATIONS,AUGMENTIN ES-600,N
1.99E+12,NULL,NULL,EXTENDED RELEASE ORAL TABLET,781194339,GNRC,AMOXICILLIN,AMOXICILLIN & POT CLAVULANATE,AMOX-POT CLA TAB ER 10DAY,0,ER 10DAY,NULL,AMOX-POT CLA TAB ER 10DAY,TAB,PENICILLIN COMBINATIONS,AMOXICILLIN/CLAVULANATE P,N
1.99E+12,NULL,NULL,INJECTION,55150011620,GNRC,AMPICILLIN-SULBACTAM,AMPICILLIN & SULBACTAM SODIUM,AMP-SULBACTA INJ 1-0.5GM,0,1-0.5GM,NULL,AMP-SULBACTA INJ 1-0.5GM,INJ,PENICILLIN COMBINATIONS,AMPICILLIN-SULBACTAM,N
1.99E+12,NULL,NULL,INJECTION,641611710,GNRC,AMPICILLIN,AMPICILLIN & SULBACTAM SODIUM,AMP/SULBACTA INJ 3GM,0,3GM,NULL,AMP/SULBACTA INJ 3GM,INJ,PENICILLIN COMBINATIONS,AMPICILLIN/SULBACTAM,N
1.99E+12,UNASYN,NULL,INJECTION,49001483,BRND,UNASYN,AMPICILLIN & SULBACTAM SODIUM,UNASYN INJ 3GM,0,3GM,NULL,UNASYN INJ 3GM,INJ,PENICILLIN COMBINATIONS,UNASYN,N
1.99E+12,NULL,NULL,INJECTABLE SOLUTION,55150011801,GNRC,AMPICILLIN-SULBACTAM,AMPICILLIN & SULBACTAM SODIUM,AMP-SULBACTA INJ 15GM,0,15GM,NULL,AMP-SULBACTA INJ 15GM,INJ,PENICILLIN COMBINATIONS,AMPICILLIN-SULBACTAM,N
1.99E+12,UNASYN,NULL,INJECTABLE SOLUTION,49002428,BRND,UNASYN,AMPICILLIN & SULBACTAM SODIUM,UNASYN INJ 15GM,0,15GM,NULL,UNASYN INJ 15GM,INJ,PENICILLIN COMBINATIONS,UNASYN BULK PACK,N
1.99E+12,NULL,NULL,INJECTION,60505615604,GNRC,PIPERACILLIN,PIPERACILLIN SODIUM-TAZOBACTAM SODIUM,PIPER/TAZOBA INJ 2-0.25GM,0,2-0.25GM,NULL,PIPER/TAZOBA INJ 2-0.25GM,INJ,PENICILLIN COMBINATIONS,PIPERACILLIN SODIUM/TAZOB,N
1.99E+12,NULL,NULL,INJECTION,60505615704,GNRC,PIPERACILLIN,PIPERACILLIN SODIUM-TAZOBACTAM SODIUM,PIPER/TAZOBA INJ 3-0.375G,0,3-0.375G,NULL,PIPER/TAZOBA INJ 3-0.375G,INJ,PENICILLIN COMBINATIONS,PIPERACILLIN SODIUM/TAZOB,N
1.99E+12,NULL,NULL,INJECTION,60505615904,GNRC,PIPERACILLIN,PIPERACILLIN SODIUM-TAZOBACTAM SODIUM,PIPER/TAZOBA INJ 4-0.5GM,0,4-0.5GM,NULL,PIPER/TAZOBA INJ 4-0.5GM,INJ,PENICILLIN COMBINATIONS,PIPERACILLIN SODIUM/TAZOB,N
1.99E+12,NULL,NULL,INJECTABLE SOLUTION,64679067901,GNRC,PIPERACILLIN,PIPERACILLIN SODIUM-TAZOBACTAM SODIUM,PIPER/TAZOBA INJ 36-4.5GM,0,36-4.5GM,NULL,PIPER/TAZOBA INJ 36-4.5GM,INJ,PENICILLIN COMBINATIONS,PIPERACILLIN SODIUM/TAZOB,N
1.99E+12,ZOSYN,NULL,INJECTION,338963224,BRND,ZOSYN,PIPERACILLIN SODIUM-TAZOBACTAM SODIUM IN DEXTROSE,ZOSYN SOL 2-0.25GM,0,2-0.25GM,NULL,ZOSYN SOL 2-0.25GM,SOL,PENICILLIN COMBINATIONS,ZOSYN,N
2.10001E+12,NULL,NULL,ORAL CAPSULE,68180018001,GNRC,CEFADROXIL,CEFADROXIL,CEFADROXIL CAP 500MG,500,500MG,NULL,CEFADROXIL CAP 500MG,CAP,CEPHALOSPORINS - 1ST GENERATION,CEFADROXIL,N
2.10001E+12,NULL,NULL,ORAL TABLET,93405953,GNRC,CEFADROXIL,CEFADROXIL,CEFADROXIL TAB 1GM,1,1GM,NULL,CEFADROXIL TAB 1GM,TAB,CEPHALOSPORINS - 1ST GENERATION,CEFADROXIL,N
2.10001E+12,NULL,NULL,ORAL SUSPENSION,68180018102,GNRC,CEFADROXIL,CEFADROXIL,CEFADROXIL SUS 250/5ML,250,250/5ML,NULL,CEFADROXIL SUS 250/5ML,SUS,CEPHALOSPORINS - 1ST GENERATION,CEFADROXIL,N
2.10001E+12,NULL,NULL,ORAL SUSPENSION,68180018203,GNRC,CEFADROXIL,CEFADROXIL,CEFADROXIL SUS 500/5ML,500,500/5ML,NULL,CEFADROXIL SUS 500/5ML,SUS,CEPHALOSPORINS - 1ST GENERATION,CEFADROXIL,N
2.10002E+12,NULL,NULL,INJECTION,44567070625,GNRC,CEFAZOLIN,CEFAZOLIN SODIUM,CEFAZOLIN INJ 500MG,500,500MG,NULL,CEFAZOLIN INJ 500MG,INJ,CEPHALOSPORINS - 1ST GENERATION,CEFAZOLIN SODIUM,N
2.10002E+12,NULL,NULL,INJECTION,60505614205,GNRC,CEFAZOLIN,CEFAZOLIN SODIUM,CEFAZOLIN INJ 1GM,1,1GM,NULL,CEFAZOLIN INJ 1GM,INJ,CEPHALOSPORINS - 1ST GENERATION,CEFAZOLIN SODIUM,N
2.10002E+12,NULL,NULL,INJECTABLE SOLUTION,60505614304,GNRC,CEFAZOLIN,CEFAZOLIN SODIUM,CEFAZOLIN INJ 10GM,10,10GM,NULL,CEFAZOLIN INJ 10GM,INJ,CEPHALOSPORINS - 1ST GENERATION,CEFAZOLIN SODIUM,N
2.10002E+12,NULL,NULL,ORAL CAPSULE,68180012101,GNRC,CEPHALEXIN,CEPHALEXIN,CEPHALEXIN CAP 250MG,250,250MG,NULL,CEPHALEXIN CAP 250MG,CAP,CEPHALOSPORINS - 1ST GENERATION,CEPHALEXIN,N
2.10002E+12,NULL,NULL,ORAL CAPSULE,67877021905,GNRC,CEPHALEXIN,CEPHALEXIN,CEPHALEXIN CAP 500MG,500,500MG,NULL,CEPHALEXIN CAP 500MG,CAP,CEPHALOSPORINS - 1ST GENERATION,CEPHALEXIN,N
2.10002E+12,NULL,NULL,ORAL CAPSULE,67877025520,GNRC,CEPHALEXIN,CEPHALEXIN,CEPHALEXIN CAP 750MG,750,750MG,NULL,CEPHALEXIN CAP 750MG,CAP,CEPHALOSPORINS - 1ST GENERATION,CEPHALEXIN,N
2.10002E+12,NULL,NULL,ORAL TABLET,93223801,GNRC,CEPHALEXIN,CEPHALEXIN,CEPHALEXIN TAB 250MG,0,250MG,NULL,CEPHALEXIN TAB 250MG,TAB,CEPHALOSPORINS - 1ST GENERATION,CEPHALEXIN,N
2.10002E+12,NULL,NULL,ORAL TABLET,93224001,GNRC,CEPHALEXIN,CEPHALEXIN,CEPHALEXIN TAB 500MG,0,500MG,NULL,CEPHALEXIN TAB 500MG,TAB,CEPHALOSPORINS - 1ST GENERATION,CEPHALEXIN,N
2.10002E+12,NULL,NULL,ORAL SUSPENSION,68180044001,GNRC,CEPHALEXIN,CEPHALEXIN,CEPHALEXIN SUS 125/5ML,125,125/5ML,NULL,CEPHALEXIN SUS 125/5ML,SUS,CEPHALOSPORINS - 1ST GENERATION,CEPHALEXIN,N
2.10002E+12,NULL,NULL,ORAL SUSPENSION,68180044101,GNRC,CEPHALEXIN,CEPHALEXIN,CEPHALEXIN SUS 250/5ML,250,250/5ML,NULL,CEPHALEXIN SUS 250/5ML,SUS,CEPHALOSPORINS - 1ST GENERATION,CEPHALEXIN,N
2.20004E+12,NULL,NULL,ORAL CAPSULE,61442017130,GNRC,CEFACLOR,CEFACLOR,CEFACLOR CAP 250MG,250,250MG,NULL,CEFACLOR CAP 250MG,CAP,CEPHALOSPORINS - 2ND GENERATION,CEFACLOR,N
2.20004E+12,NULL,NULL,ORAL CAPSULE,61442017230,GNRC,CEFACLOR,CEFACLOR,CEFACLOR CAP 500MG,500,500MG,NULL,CEFACLOR CAP 500MG,CAP,CEPHALOSPORINS - 2ND GENERATION,CEFACLOR,N
2.20004E+12,NULL,NULL,ORAL SUSPENSION,81948625001,GNRC,CEFACLOR,CEFACLOR,CEFACLOR SUS 250/5ML,250,250/5ML,NULL,CEFACLOR SUS 250/5ML,SUS,CEPHALOSPORINS - 2ND GENERATION,CEFACLOR,N
2.20004E+12,NULL,NULL,EXTENDED RELEASE ORAL TABLET,93108701,GNRC,CEFACLOR,CEFACLOR MONOHYDRATE,CEFACLOR ER TAB 500MG,500,500MG,NULL,CEFACLOR ER TAB 500MG,TAB,CEPHALOSPORINS - 2ND GENERATION,CEFACLOR ER,N
2.20006E+12,NULL,NULL,INJECTION,63323038510,GNRC,CEFOTETAN,CEFOTETAN DISODIUM,CEFOTETAN INJ 1GM,1,1GM,NULL,CEFOTETAN INJ 1GM,INJ,CEPHALOSPORINS - 2ND GENERATION,CEFOTETAN,N
2.20006E+12,NULL,NULL,INJECTION,63323038620,GNRC,CEFOTETAN,CEFOTETAN DISODIUM,CEFOTETAN INJ 2GM,2,2GM,NULL,CEFOTETAN INJ 2GM,INJ,CEPHALOSPORINS - 2ND GENERATION,CEFOTETAN,N
2.20006E+12,NULL,NULL,INJECTION,25021010910,GNRC,CEFOXITIN,CEFOXITIN SODIUM,CEFOXITIN INJ 1GM,1,1GM,NULL,CEFOXITIN INJ 1GM,INJ,CEPHALOSPORINS - 2ND GENERATION,CEFOXITIN SODIUM,N
2.20006E+12,NULL,NULL,INJECTION,44567024625,GNRC,CEFOXITIN,CEFOXITIN SODIUM,CEFOXITIN INJ 2GM,2,2GM,NULL,CEFOXITIN INJ 2GM,INJ,CEPHALOSPORINS - 2ND GENERATION,CEFOXITIN SODIUM,N
2.20006E+12,NULL,NULL,INJECTABLE SOLUTION,44567024710,GNRC,CEFOXITIN,CEFOXITIN SODIUM,CEFOXITIN INJ 10GM,10,10GM,NULL,CEFOXITIN INJ 10GM,INJ,CEPHALOSPORINS - 2ND GENERATION,CEFOXITIN SODIUM,N
2.20006E+12,NULL,NULL,ORAL TABLET,68180040301,GNRC,CEFPROZIL,CEFPROZIL,CEFPROZIL TAB 250MG,250,250MG,NULL,CEFPROZIL TAB 250MG,TAB,CEPHALOSPORINS - 2ND GENERATION,CEFPROZIL,N
2.20006E+12,NULL,NULL,ORAL TABLET,68180040401,GNRC,CEFPROZIL,CEFPROZIL,CEFPROZIL TAB 500MG,500,500MG,NULL,CEFPROZIL TAB 500MG,TAB,CEPHALOSPORINS - 2ND GENERATION,CEFPROZIL,N
2.20006E+12,NULL,NULL,ORAL SUSPENSION,68180040103,GNRC,CEFPROZIL,CEFPROZIL,CEFPROZIL SUS 125/5ML,125,125/5ML,NULL,CEFPROZIL SUS 125/5ML,SUS,CEPHALOSPORINS - 2ND GENERATION,CEFPROZIL,N
2.20006E+12,NULL,NULL,ORAL SUSPENSION,68180040203,GNRC,CEFPROZIL,CEFPROZIL,CEFPROZIL SUS 250/5ML,250,250/5ML,NULL,CEFPROZIL SUS 250/5ML,SUS,CEPHALOSPORINS - 2ND GENERATION,CEFPROZIL,N
2.20007E+12,NULL,NULL,ORAL TABLET,67877021560,GNRC,CEFUROXIME,CEFUROXIME AXETIL,CEFUROXIME TAB 250MG,250,250MG,NULL,CEFUROXIME TAB 250MG,TAB,CEPHALOSPORINS - 2ND GENERATION,CEFUROXIME AXETIL,N
2.20007E+12,NULL,NULL,ORAL TABLET,65862070020,GNRC,CEFUROXIME,CEFUROXIME AXETIL,CEFUROXIME TAB 500MG,500,500MG,NULL,CEFUROXIME TAB 500MG,TAB,CEPHALOSPORINS - 2ND GENERATION,CEFUROXIME AXETIL,N
2.20007E+12,NULL,NULL,INJECTION,143997922,GNRC,CEFUROXIME,CEFUROXIME SODIUM,CEFUROXIME INJ 750MG,750,750MG,NULL,CEFUROXIME INJ 750MG,INJ,CEPHALOSPORINS - 2ND GENERATION,CEFUROXIME SODIUM,N
2.20007E+12,NULL,NULL,INJECTION,143997722,GNRC,CEFUROXIME,CEFUROXIME SODIUM,CEFUROXIME INJ 1.5GM,1.5,1.5GM,NULL,CEFUROXIME INJ 1.5GM,INJ,CEPHALOSPORINS - 2ND GENERATION,CEFUROXIME SODIUM,N
2.30004E+12,NULL,NULL,ORAL CAPSULE,68180071160,GNRC,CEFDINIR,CEFDINIR,CEFDINIR CAP 300MG,300,300MG,NULL,CEFDINIR CAP 300MG,CAP,CEPHALOSPORINS - 3RD GENERATION,CEFDINIR,N
2.30004E+12,NULL,NULL,ORAL SUSPENSION,65862021801,GNRC,CEFDINIR,CEFDINIR,CEFDINIR SUS 125/5ML,125,125/5ML,NULL,CEFDINIR SUS 125/5ML,SUS,CEPHALOSPORINS - 3RD GENERATION,CEFDINIR,N
2.30004E+12,NULL,NULL,ORAL SUSPENSION,65862021960,GNRC,CEFDINIR,CEFDINIR,CEFDINIR SUS 250/5ML,250,250/5ML,NULL,CEFDINIR SUS 250/5ML,SUS,CEPHALOSPORINS - 3RD GENERATION,CEFDINIR,N
2.30006E+12,NULL,NULL,ORAL CAPSULE,67877058450,GNRC,CEFIXIME,CEFIXIME,CEFIXIME CAP 400MG,400,400MG,NULL,CEFIXIME CAP 400MG,CAP,CEPHALOSPORINS - 3RD GENERATION,CEFIXIME,N
2.30006E+12,NULL,NULL,ORAL SUSPENSION,65862075150,GNRC,CEFIXIME,CEFIXIME,CEFIXIME SUS 100/5ML,100,100/5ML,NULL,CEFIXIME SUS 100/5ML,SUS,CEPHALOSPORINS - 3RD GENERATION,CEFIXIME,N
2.30006E+12,NULL,NULL,ORAL SUSPENSION,65862075250,GNRC,CEFIXIME,CEFIXIME,CEFIXIME SUS 200/5ML,200,200/5ML,NULL,CEFIXIME SUS 200/5ML,SUS,CEPHALOSPORINS - 3RD GENERATION,CEFIXIME,N
2.30007E+12,NULL,NULL,ORAL TABLET,65862009520,GNRC,CEFPODOXIME,CEFPODOXIME PROXETIL,CEFPODOXIME TAB 100MG,100,100MG,NULL,CEFPODOXIME TAB 100MG,TAB,CEPHALOSPORINS - 3RD GENERATION,CEFPODOXIME PROXETIL,N
2.30007E+12,NULL,NULL,ORAL TABLET,65862009620,GNRC,CEFPODOXIME,CEFPODOXIME PROXETIL,CEFPODOXIME TAB 200MG,200,200MG,NULL,CEFPODOXIME TAB 200MG,TAB,CEPHALOSPORINS - 3RD GENERATION,CEFPODOXIME PROXETIL,N
2.30007E+12,NULL,NULL,ORAL SUSPENSION,16714040202,GNRC,CEFPODOXIME,CEFPODOXIME PROXETIL,CEFPODO PROX SUS 50MG/5ML,50,50MG/5ML,NULL,CEFPODO PROX SUS 50MG/5ML,SUS,CEPHALOSPORINS - 3RD GENERATION,CEFPODOXIME PROXETIL,N
2.30007E+12,NULL,NULL,ORAL SUSPENSION,64980040310,GNRC,CEFPODOXIME,CEFPODOXIME PROXETIL,CEFPODO PROX SUS 100/5ML,100,100/5ML,NULL,CEFPODO PROX SUS 100/5ML,SUS,CEPHALOSPORINS - 3RD GENERATION,CEFPODOXIME PROXETIL,N
2.30008E+12,NULL,NULL,INJECTION,44567023525,GNRC,CEFTAZIDIME,CEFTAZIDIME,CEFTAZIDIME INJ 1GM,1,1GM,NULL,CEFTAZIDIME INJ 1GM,INJ,CEPHALOSPORINS - 3RD GENERATION,CEFTAZIDIME,N
2.30008E+12,TAZICEF,NULL,INJECTION,409508216,BRND,TAZICEF,CEFTAZIDIME,TAZICEF INJ 1GM,1,1GM,NULL,TAZICEF INJ 1GM,INJ,CEPHALOSPORINS - 3RD GENERATION,TAZICEF,N
2.30008E+12,NULL,NULL,INJECTION,25021012850,GNRC,CEFTAZIDIME,CEFTAZIDIME,CEFTAZIDIME INJ 2GM,2,2GM,NULL,CEFTAZIDIME INJ 2GM,INJ,CEPHALOSPORINS - 3RD GENERATION,CEFTAZIDIME,N
